subject,start_a,start_t0,start_p,start_rd,start_sda,start_g2,start_bbic,a,t0,p,rd,sda,g2,bbic
358,0.069,0.429,0.52,0.015,1.559,58.207991289165264,1895.8206906796333,0.07,0.429,0.552,0.016,1.637,66.7994268419246,1892.7146415449365
