subject,start_a,start_t0,start_p,start_rd,start_sda,start_g2,start_bbic,a,t0,p,rd,sda,g2,bbic
599,0.097,0.411,0.415,0.009,1.452,66.1663423066888,1927.7158018488067,0.096,0.411,0.413,0.009,1.551,76.47764014035013,1902.0932143387759
