subject,start_a,start_t0,start_p,start_rd,start_sda,start_g2,start_bbic,a,t0,p,rd,sda,g2,bbic
113,0.078,0.424,0.333,0.01,1.86,156.37843748014393,2010.6312776827886,0.078,0.424,0.4,0.009,1.884,141.01992355199278,1985.9736339947058
