subject,start_a,start_t0,start_p,start_rd,start_sda,start_g2,start_bbic,a,t0,p,rd,sda,g2,bbic
432,0.142,0.391,0.446,0.086,1.277,92.85247271366514,1890.754461187589,0.148,0.381,0.449,0.106,1.329,117.87705131657931,1899.3680372543643
