subject,start_a,start_t0,start_p,start_rd,start_sda,start_g2,start_bbic,a,t0,p,rd,sda,g2,bbic
52,0.091,0.45,0.519,0.031,1.593,25.952781676463403,1816.1923890139672,0.092,0.45,0.525,0.03,1.732,35.96576200483921,1817.859961427018
