subject,start_a,start_t0,start_p,start_rd,start_sda,start_g2,start_bbic,a,t0,p,rd,sda,g2,bbic
45,0.376,0.176,0.594,0.019,1.411,31.513241414756912,1855.3025403343108,0.384,0.189,0.616,0.019,1.482,52.84140518196851,1835.5765896979458
