subject,start_a,start_t0,start_p,start_rd,start_sda,start_g2,start_bbic,a,t0,p,rd,sda,g2,bbic
220,0.082,0.388,0.31,0.096,1.229,122.74316778226738,1995.4143542800466,0.087,0.39,0.318,0.11,1.271,173.24365155450178,2004.6659056450478
