subject,start_a,start_t0,start_p,start_rd,start_sda,start_g2,start_bbic,a,t0,p,rd,sda,g2,bbic
164,0.079,0.442,0.517,0.101,1.835,23.392039928848394,1815.4416805004462,0.078,0.446,0.515,0.098,2.086,35.14769193044826,1814.9433140929134
