subject,start_a,start_t0,start_p,start_rd,start_sda,start_g2,start_bbic,a,t0,p,rd,sda,g2,bbic
290,0.075,0.433,0.308,0.036,1.86,92.71142591990065,1936.7245585514083,0.076,0.419,0.328,0.022,1.997,106.66077138843238,1936.7708453878963
