subject,start_a,start_t0,start_p,start_rd,start_sda,start_g2,start_bbic,a,t0,p,rd,sda,g2,bbic
241,0.104,0.439,0.473,0.033,1.719,57.32294174601466,1842.9959957580759,0.102,0.446,0.49,0.028,1.816,64.95893347697756,1846.5635151907038
