subject,start_a,start_t0,start_p,start_rd,start_sda,start_g2,start_bbic,a,t0,p,rd,sda,g2,bbic
154,0.281,0.521,0.799,0.007,1.117,30.836783830435046,1829.4870650891876,0.285,0.52,0.795,0.009,1.172,37.72379818809859,1820.9610735016026
