subject,start_a,start_t0,start_p,start_rd,start_sda,start_g2,start_bbic,a,t0,p,rd,sda,g2,bbic
492,0.092,0.361,0.598,0.026,1.889,62.28770535010471,1876.0885242540699,0.097,0.354,0.6,0.025,2.037,72.11208696174158,1859.2982432138576
