subject,start_a,start_t0,start_p,start_rd,start_sda,start_g2,start_bbic,a,t0,p,rd,sda,g2,bbic
81,0.237,0.359,0.731,0.025,1.472,134.9059260955629,1978.9657416423522,0.235,0.354,0.719,0.03,1.648,160.02506530880208,1987.8926327379945
