subject,start_a,start_t0,start_p,start_rd,start_sda,start_g2,start_bbic,a,t0,p,rd,sda,g2,bbic
574,0.287,0.293,0.64,0.064,0.793,38.40424892419619,1821.262487578082,0.287,0.293,0.64,0.143,0.793,53.69880401612669,1833.0811060095884
