subject,start_a,start_t0,start_p,start_rd,start_sda,start_g2,start_bbic,a,t0,p,rd,sda,g2,bbic
284,0.078,0.421,0.374,0.018,1.636,99.91253393700306,1933.1177073543631,0.077,0.423,0.38,0.017,1.702,124.84016974128416,1950.5562355307807
