subject,start_a,start_t0,start_p,start_rd,start_sda,start_g2,start_bbic,a,t0,p,rd,sda,g2,bbic
477,0.056,0.397,0.314,0.029,1.779,186.23716941028385,2094.110515818073,0.057,0.398,0.328,0.029,1.859,214.58666970064044,2103.79101479342
