subject,start_a,start_t0,start_p,start_rd,start_sda,start_g2,start_bbic,a,t0,p,rd,sda,g2,bbic
347,0.096,0.368,0.482,0.023,1.535,34.81542730517964,1827.4600028503344,0.101,0.369,0.529,0.02,1.602,40.57546441056051,1821.92844538135
