subject,start_a,start_t0,start_p,start_rd,start_sda,start_g2,start_bbic,a,t0,p,rd,sda,g2,bbic
293,0.084,0.435,0.439,0.052,1.738,31.91102550814985,1823.9965128096928,0.088,0.436,0.445,0.062,1.852,43.574680212977164,1822.213697641577
