subject,start_a,start_t0,start_p,start_rd,start_sda,start_g2,start_bbic,a,t0,p,rd,sda,g2,bbic
373,0.075,0.299,0.354,0.085,1.698,80.72101865307847,1905.301556913724,0.069,0.316,0.35,0.064,1.816,118.00751083851561,1940.9355177646946
