subject,start_a,start_t0,start_p,start_rd,start_sda,start_g2,start_bbic,a,t0,p,rd,sda,g2,bbic
95,0.063,0.386,0.317,0.027,1.837,162.13140219022645,2082.8282668689394,0.064,0.384,0.319,0.027,1.932,209.69759715323562,2101.15397674
