subject,start_a,start_t0,start_p,start_rd,start_sda,start_g2,start_bbic,a,t0,p,rd,sda,g2,bbic
11,0.094,0.506,0.179,0.001,1.544,301.2334762125055,2499.0191699794354,0.094,0.392,0.121,0,1.737,270.4331852011904,2374.7323354408604
