subject,start_a,start_t0,start_p,start_rd,start_sda,start_g2,start_bbic,a,t0,p,rd,sda,g2,bbic
439,0.044,0.368,0.452,0.012,1.96,116.2778968478187,2087.2457917176353,0.05,0.363,0.502,0.015,2.103,130.68362435960296,2069.548609295397
