subject,start_a,start_t0,start_p,start_rd,start_sda,start_g2,start_bbic,a,t0,p,rd,sda,g2,bbic
420,0.373,0.07,0.744,0.015,1.62,161.3845866362292,1992.0828115649695,0.372,0.07,0.745,0.015,1.56,169.98962722735388,1997.8505511109038
