subject,start_a,start_t0,start_p,start_rd,start_sda,start_g2,start_bbic,a,t0,p,rd,sda,g2,bbic
545,0.252,0.21,0.744,0.024,1.059,131.27987669682815,1966.8349849734711,0.251,0.204,0.736,0.02,1.136,140.35937069083673,1966.7568859068379
