subject,start_a,start_t0,start_p,start_rd,start_sda,start_g2,start_bbic,a,t0,p,rd,sda,g2,bbic
199,0.167,0.223,0.61,0.009,1.026,110.78393933430435,1955.114575171138,0.158,0.228,0.6,0.009,1.103,121.38942353728295,1943.548443558076
