subject,start_a,start_t0,start_p,start_rd,start_sda,start_g2,start_bbic,a,t0,p,rd,sda,g2,bbic
566,0.255,0.273,0.61,0.018,1.302,217.51843287415818,2072.366185965805,0.256,0.274,0.612,0.021,1.347,248.94704630270618,2077.472869502573
