subject,start_a,start_t0,start_p,start_rd,start_sda,start_g2,start_bbic,a,t0,p,rd,sda,g2,bbic
130,0.082,0.473,0.588,0.013,1.561,66.86237054034778,1902.0941182870104,0.081,0.473,0.619,0.012,1.656,81.68895696719059,1909.8203568412657
