subject,start_a,start_t0,start_p,start_rd,start_sda,start_g2,start_bbic,a,t0,p,rd,sda,g2,bbic
594,0.238,0.213,0.634,0.016,1.528,65.43059244063994,1854.2845120234854,0.241,0.222,0.654,0.019,1.602,70.91937296058994,1855.14682774282
