subject,start_a,start_t0,start_p,start_rd,start_sda,start_g2,start_bbic,a,t0,p,rd,sda,g2,bbic
351,0.068,0.304,0.341,0.022,1.777,140.05124162197947,1990.7155042100194,0.071,0.304,0.379,0.016,1.839,153.77648497341386,1997.6547274523407
