subject,start_a,start_t0,start_p,start_rd,start_sda,start_g2,start_bbic,a,t0,p,rd,sda,g2,bbic
208,0.083,0.467,0.382,0.016,1.583,46.14815165738237,1882.3139360335445,0.079,0.467,0.376,0.014,1.606,55.480482707765674,1877.9074843839728
