subject,start_a,start_t0,start_p,start_rd,start_sda,start_g2,start_bbic,a,t0,p,rd,sda,g2,bbic
198,0.073,0.403,0.398,0.016,1.416,82.92277500689475,1919.4944340736185,0.073,0.403,0.398,0.016,1.558,99.61447531353622,1920.6594673371358
