subject,start_a,start_t0,start_p,start_rd,start_sda,start_g2,start_bbic,a,t0,p,rd,sda,g2,bbic
431,0.398,0.186,0.944,0.008,1.297,35.274484733200985,1834.063668874652,0.398,0.184,0.944,0.008,1.382,53.65164692121811,1836.8916468715372
