subject,start_a,start_t0,start_p,start_rd,start_sda,start_g2,start_bbic,a,t0,p,rd,sda,g2,bbic
111,0.074,0.392,0.602,0.017,1.585,134.62112741485737,1973.3081489905649,0.073,0.395,0.657,0.014,1.631,129.55784358972122,1960.7149559356876
