subject,start_a,start_t0,start_p,start_rd,start_sda,start_g2,start_bbic,a,t0,p,rd,sda,g2,bbic
407,0.156,0.42,0.496,0.006,1.345,20.917597948659193,1811.2886901827733,0.155,0.421,0.498,0.006,1.37,25.687498434527928,1808.4110247263013
