subject,start_a,start_t0,start_p,start_rd,start_sda,start_g2,start_bbic,a,t0,p,rd,sda,g2,bbic
370,0.054,0.336,0.324,0.046,1.686,226.54521673314227,2213.968348704841,0.053,0.333,0.304,0.036,1.829,287.69844768402743,2215.041692618284
