subject,start_a,start_t0,start_p,start_rd,start_sda,start_g2,start_bbic,a,t0,p,rd,sda,g2,bbic
260,0.076,0.409,0.58,0.008,1.344,17.767322795820075,1845.8976917059224,0.077,0.41,0.594,0.009,1.365,20.70347287255092,1845.404713182707
