subject,start_a,start_t0,start_p,start_rd,start_sda,start_g2,start_bbic,a,t0,p,rd,sda,g2,bbic
385,0.227,0.253,0.686,0.028,1.628,38.7449131310141,1836.3934855710224,0.223,0.252,0.679,0.026,1.724,46.370654071318505,1828.7568104958877
