subject,start_a,start_t0,start_p,start_rd,start_sda,start_g2,start_bbic,a,t0,p,rd,sda,g2,bbic
389,0.122,0.342,0.616,0.011,1.3,69.75508766493388,1870.1440920517211,0.123,0.343,0.624,0.012,1.374,109.15286619239602,1891.2987687622965
