subject,start_a,start_t0,start_p,start_rd,start_sda,start_g2,start_bbic,a,t0,p,rd,sda,g2,bbic
418,0.081,0.537,0.49,0.021,1.72,51.96805380580065,1847.8405412050172,0.081,0.537,0.491,0.021,1.745,70.41922536398936,1851.7348380809149
