subject,start_a,start_t0,start_p,start_rd,start_sda,start_g2,start_bbic,a,t0,p,rd,sda,g2,bbic
278,0.337,0.251,0.58,0.014,1.559,46.05270420058467,1832.8272155137927,0.337,0.252,0.579,0.017,1.619,63.81189077295825,1846.2259683740633
