subject,start_a,start_t0,start_p,start_rd,start_sda,start_g2,start_bbic,a,t0,p,rd,sda,g2,bbic
272,0.073,0.389,0.326,0.013,1.317,126.75566099653946,1996.75138980114,0.072,0.386,0.366,0.009,1.353,135.39043837244154,1964.6456222283207
