subject,start_a,start_t0,start_p,start_rd,start_sda,start_g2,start_bbic,a,t0,p,rd,sda,g2,bbic
190,0.065,0.371,0.59,0.021,1.664,20.10136677920848,1851.1732471440089,0.065,0.372,0.634,0.021,1.739,24.73257571460696,1848.1539674953399
