subject,start_a,start_t0,start_p,start_rd,start_sda,start_g2,start_bbic,a,t0,p,rd,sda,g2,bbic
484,0.102,0.416,0.402,0.017,1.635,54.996084616421165,1844.237243326449,0.104,0.416,0.396,0.017,1.709,68.39320978270187,1849.8053736132497
