subject,start_a,start_t0,start_p,start_rd,start_sda,start_g2,start_bbic,a,t0,p,rd,sda,g2,bbic
383,0.102,0.327,0.49,0.027,1.38,23.93565253250608,1811.3719014508856,0.105,0.322,0.5,0.025,1.487,34.122949581751755,1815.1280879393087
