subject,start_a,start_t0,start_p,start_rd,start_sda,start_g2,start_bbic,a,t0,p,rd,sda,g2,bbic
610,0.069,0.43,0.419,0.024,1.716,85.66196371728458,1922.1712028471406,0.07,0.43,0.421,0.023,1.826,95.12367282476013,1921.0571443458687
