subject,start_a,start_t0,start_p,start_rd,start_sda,start_g2,start_bbic,a,t0,p,rd,sda,g2,bbic
254,0.066,0.424,0.45,0.07,1.661,83.68586403131908,1932.749481192637,0.064,0.425,0.463,0.037,1.798,109.73715154220876,1936.9250276132536
