subject,start_a,start_t0,start_p,start_rd,start_sda,start_g2,start_bbic,a,t0,p,rd,sda,g2,bbic
291,0.047,0.413,0.405,0.031,1.539,128.00806143657863,1997.9582863342034,0.048,0.409,0.442,0.034,1.687,144.88461549275533,1988.5054788051134
