subject,start_a,start_t0,start_p,start_rd,start_sda,start_g2,start_bbic,a,t0,p,rd,sda,g2,bbic
118,0.065,0.327,0.4,0.018,1.883,44.50676441384734,1904.0947044830684,0.065,0.327,0.395,0.017,1.925,62.674128310945875,1918.6108125757733
