subject,start_a,start_t0,start_p,start_rd,start_sda,start_g2,start_bbic,a,t0,p,rd,sda,g2,bbic
21,0.054,0.406,0.629,0.026,1.944,32.558729710039444,1886.8487879995282,0.054,0.408,0.727,0.026,2.05,19.47041441281486,1875.6541681028514
