subject,start_a,start_t0,start_p,start_rd,start_sda,start_g2,start_bbic,a,t0,p,rd,sda,g2,bbic
553,0.459,0.466,0.849,0.007,0.869,26.534182452347245,1819.9541597884604,0.459,0.466,0.849,0.007,0.869,39.69393261962882,1819.6479414017529
