subject,start_a,start_t0,start_p,start_rd,start_sda,start_g2,start_bbic,a,t0,p,rd,sda,g2,bbic
48,0.068,0.431,0.389,0.016,1.273,123.62973206892218,1966.2669831221895,0.068,0.431,0.389,0.016,1.39,158.36359218453592,1985.9489212057438
