subject,start_a,start_t0,start_p,start_rd,start_sda,start_g2,start_bbic,a,t0,p,rd,sda,g2,bbic
192,0.122,0.251,0.707,0.023,1.831,36.78241400501729,1841.3897982556146,0.114,0.263,0.744,0.024,1.955,52.979678812900964,1835.2825622234186
