subject,start_a,start_t0,start_p,start_rd,start_sda,start_g2,start_bbic,a,t0,p,rd,sda,g2,bbic
375,0.069,0.411,0.425,0.022,1.649,68.78940863383389,1915.5540432267808,0.063,0.421,0.419,0.024,1.804,84.38065614555435,1933.103713418018
