subject,start_a,start_t0,start_p,start_rd,start_sda,start_g2,start_bbic,a,t0,p,rd,sda,g2,bbic
138,0.053,0.5,0.433,0.017,1.909,157.85272522695192,2086.769212402503,0.054,0.5,0.416,0.019,1.966,186.23080831464782,2089.933664040774
