subject,start_a,start_t0,start_p,start_rd,start_sda,start_g2,start_bbic,a,t0,p,rd,sda,g2,bbic
200,0.157,0.348,0.871,0.025,1.208,43.17908661044043,1826.9760149203883,0.156,0.351,0.871,0.027,1.28,54.953373833582,1836.8528030435957
