subject,start_a,start_t0,start_p,start_rd,start_sda,start_g2,start_bbic,a,t0,p,rd,sda,g2,bbic
102,0.091,0.363,0.364,0.038,1.262,87.248064745968,1930.961820026693,0.095,0.359,0.376,0.042,1.326,134.97876666075553,1920.452049745434
