subject,start_a,start_t0,start_p,start_rd,start_sda,start_g2,start_bbic,a,t0,p,rd,sda,g2,bbic
456,0.056,0.376,0.569,0.013,1.861,68.24482381579185,1937.5163119927538,0.067,0.371,0.712,0.015,2.107,74.47920271350718,1924.4715862779524
