subject,start_a,start_t0,start_p,start_rd,start_sda,start_g2,start_bbic,a,t0,p,rd,sda,g2,bbic
502,0.289,0.289,0.692,0.01,1.497,118.70295983150245,1948.5097621601838,0.295,0.293,0.731,0.011,1.606,137.40613547674255,1960.3363176346575
