subject,start_a,start_t0,start_p,start_rd,start_sda,start_g2,start_bbic,a,t0,p,rd,sda,g2,bbic
381,0.067,0.392,0.453,0.018,1.491,53.01599884057377,1889.7061716935723,0.065,0.392,0.493,0.016,1.56,57.51483541157446,1880.532386485681
