subject,start_a,start_t0,start_p,start_rd,start_sda,start_g2,start_bbic,a,t0,p,rd,sda,g2,bbic
201,0.065,0.354,0.05,0.131,1.535,267.6151106417669,2444.974138810122,0.067,0.357,0.043,0.003,1.72,239.55492393336667,2392.247578317137
