subject,start_a,start_t0,start_p,start_rd,start_sda,start_g2,start_bbic,a,t0,p,rd,sda,g2,bbic
374,0.076,0.47,0.461,0.017,1.758,83.38864568433782,1930.865839806327,0.075,0.471,0.509,0.015,1.792,98.96725582396927,1927.0818614273617
