subject,start_a,start_t0,start_p,start_rd,start_sda,start_g2,start_bbic,a,t0,p,rd,sda,g2,bbic
577,0.127,0.364,0.484,0.014,1.487,61.41877661066825,1848.8827953399089,0.128,0.367,0.486,0.014,1.564,73.67984286007214,1855.3002150420866
