subject,start_a,start_t0,start_p,start_rd,start_sda,start_g2,start_bbic,a,t0,p,rd,sda,g2,bbic
428,0.061,0.359,0.4,0.025,1.465,62.093518332308655,1900.8641748853886,0.061,0.358,0.404,0.024,1.553,79.83020422770488,1904.6589645373253
