subject,start_a,start_t0,start_p,start_rd,start_sda,start_g2,start_bbic,a,t0,p,rd,sda,g2,bbic
511,0.073,0.429,0.303,0.038,1.751,184.41631433107068,2080.1843953791763,0.07,0.433,0.315,0.021,1.969,172.06895364487454,1996.2043682309238
