subject,start_a,start_t0,start_p,start_rd,start_sda,start_g2,start_bbic,a,t0,p,rd,sda,g2,bbic
34,0.087,0.395,0.267,0.064,1.681,96.95703800701845,1929.0465919876235,0.092,0.383,0.292,0.021,1.76,89.52813849294198,1915.8881766302213
