subject,start_a,start_t0,start_p,start_rd,start_sda,start_g2,start_bbic,a,t0,p,rd,sda,g2,bbic
464,0.057,0.357,0.394,0.015,1.848,48.75139909397,1914.6880834515068,0.059,0.356,0.433,0.015,1.961,58.374945027207886,1918.3805405646451
