subject,start_a,start_t0,start_p,start_rd,start_sda,start_g2,start_bbic,a,t0,p,rd,sda,g2,bbic
353,0.067,0.45,0.303,0.04,1.526,61.956460329113625,1909.1611685691119,0.077,0.432,0.342,0.038,1.954,71.91922742147918,1896.1147654264305
