subject,start_a,start_t0,start_p,start_rd,start_sda,start_g2,start_bbic,a,t0,p,rd,sda,g2,bbic
259,0.219,0.311,0.662,0.015,1.067,4.571909238693752,1788.8644453667703,0.221,0.309,0.663,0.015,1.093,9.325179297579659,1790.5861803260052
