subject,start_a,start_t0,start_p,start_rd,start_sda,start_g2,start_bbic,a,t0,p,rd,sda,g2,bbic
29,0.062,0.368,0.505,0.012,1.455,51.245764880167066,1903.3925551518846,0.061,0.368,0.538,0.011,1.499,61.01694782871617,1905.8295017448727
