subject,start_a,start_t0,start_p,start_rd,start_sda,start_g2,start_bbic,a,t0,p,rd,sda,g2,bbic
110,0.107,0.411,0.541,0.009,1.185,24.118035741940975,1811.2671865836082,0.107,0.411,0.54,0.009,1.188,33.06911431939405,1813.3405458079744
