subject,start_a,start_t0,start_p,start_rd,start_sda,start_g2,start_bbic,a,t0,p,rd,sda,g2,bbic
590,0.06,0.339,0.422,0.015,1.641,73.34369166194192,1965.382671203777,0.06,0.339,0.433,0.014,1.73,77.23097513369139,1965.9341067960615
