subject,start_a,start_t0,start_p,start_rd,start_sda,start_g2,start_bbic,a,t0,p,rd,sda,g2,bbic
572,0.271,0.138,0.502,0.004,1.043,55.575664681000035,1859.4019393868923,0.272,0.14,0.514,0.005,1.075,65.01052254571397,1853.0502930673795
