subject,start_a,start_t0,start_p,start_rd,start_sda,start_g2,start_bbic,a,t0,p,rd,sda,g2,bbic
279,0.06,0.345,0.505,0.019,1.996,179.18318284099146,2063.485296242935,0.062,0.34,0.595,0.019,2.02,166.5111041443251,2039.5910750389514
