subject,start_a,start_t0,start_p,start_rd,start_sda,start_g2,start_bbic,a,t0,p,rd,sda,g2,bbic
350,0.058,0.331,0.664,0.013,1.504,10.048630830995148,1874.2254877120572,0.058,0.331,0.636,0.014,1.559,8.789477361585417,1869.1143470251625
