subject,start_a,start_t0,start_p,start_rd,start_sda,start_g2,start_bbic,a,t0,p,rd,sda,g2,bbic
301,0.069,0.46,0.284,0.008,1.37,73.89885510118285,1975.1480949652173,0.07,0.46,0.322,0.008,1.395,81.05459867262232,1969.4112496163618
