subject,start_a,start_t0,start_p,start_rd,start_sda,start_g2,start_bbic,a,t0,p,rd,sda,g2,bbic
323,0.152,0.305,0.733,0.012,1.218,64.75711034878093,1858.3861933859719,0.152,0.305,0.733,0.012,1.22,88.56386572885404,1875.5964123343877
