subject,start_a,start_t0,start_p,start_rd,start_sda,start_g2,start_bbic,a,t0,p,rd,sda,g2,bbic
251,0.07,0.443,0.527,0.014,1.296,19.01531735481537,1848.1185875145488,0.069,0.444,0.534,0.013,1.351,28.577518337162775,1852.2182153558279
