subject,start_a,start_t0,start_p,start_rd,start_sda,start_g2,start_bbic,a,t0,p,rd,sda,g2,bbic
228,0.078,0.435,0.497,0.036,1.901,9.316550743512936,1797.031257566663,0.078,0.434,0.496,0.036,2.046,15.257499065854388,1795.5481479466478
