subject,start_a,start_t0,start_p,start_rd,start_sda,start_g2,start_bbic,a,t0,p,rd,sda,g2,bbic
285,0.069,0.399,0.483,0.045,1.324,135.02508216732778,2013.6253934692645,0.069,0.399,0.49,0.036,1.394,170.00574584960276,2001.6797365553432
