subject,start_a,start_t0,start_p,start_rd,start_sda,start_g2,start_bbic,a,t0,p,rd,sda,g2,bbic
14,0.068,0.415,0.548,0.02,1.665,135.12014870933518,2007.3571913097123,0.068,0.416,0.559,0.02,1.777,174.0479012812962,2003.469282170774
