subject,start_a,start_t0,start_p,start_rd,start_sda,start_g2,start_bbic,a,t0,p,rd,sda,g2,bbic
379,0.132,0.367,0.297,0.001,0.84,334.91964733582955,2323.9084105261713,0.134,0.405,0.325,0.002,0.854,339.6929610826302,2291.1973593453968
