subject,start_a,start_t0,start_p,start_rd,start_sda,start_g2,start_bbic,a,t0,p,rd,sda,g2,bbic
12,0.066,0.39,0.315,0.014,1.868,41.50190910705113,1920.8715106931757,0.065,0.392,0.317,0.015,2.002,63.64622203646788,1925.9523860155798
