subject,start_a,start_t0,start_p,start_rd,start_sda,start_g2,start_bbic,a,t0,p,rd,sda,g2,bbic
510,0.182,0.231,0.578,0.019,1.278,155.83568339445125,1958.3028392605813,0.182,0.231,0.579,0.019,1.325,172.59710662403424,1960.7900436694808
