subject,start_a,start_t0,start_p,start_rd,start_sda,start_g2,start_bbic,a,t0,p,rd,sda,g2,bbic
22,0.06,0.346,0.422,0.013,1.45,44.80642665718909,1915.3831225950264,0.06,0.347,0.435,0.014,1.522,61.165541635827275,1920.014020335146
