subject,start_a,start_t0,start_p,start_rd,start_sda,start_g2,start_bbic,a,t0,p,rd,sda,g2,bbic
555,0.072,0.342,0.367,0.009,1.557,41.68421004021447,1904.9520333891555,0.072,0.342,0.414,0.009,1.582,39.911700643180254,1896.4166819351183
