subject,start_a,start_t0,start_p,start_rd,start_sda,start_g2,start_bbic,a,t0,p,rd,sda,g2,bbic
485,0.095,0.354,0.523,0.027,1.754,31.99808878563478,1824.1562853683633,0.094,0.357,0.529,0.028,1.788,46.83573718768653,1830.647107461967
