subject,start_a,start_t0,start_p,start_rd,start_sda,start_g2,start_bbic,a,t0,p,rd,sda,g2,bbic
2,0.074,0.392,0.296,0.014,1.534,181.225625479532,2023.154820584142,0.07,0.388,0.353,0.012,1.611,154.13491563177166,2006.8337378188294
