subject,start_a,start_t0,start_p,start_rd,start_sda,start_g2,start_bbic,a,t0,p,rd,sda,g2,bbic
98,0.174,0.433,0.677,0.02,1.799,25.245906187211787,1821.0158415888072,0.177,0.433,0.678,0.021,1.905,36.33521706982319,1818.4580254002954
