subject,start_a,start_t0,start_p,start_rd,start_sda,start_g2,start_bbic,a,t0,p,rd,sda,g2,bbic
357,0.067,0.376,0.659,0.014,1.545,36.30374646379936,1920.0499024074127,0.066,0.377,0.715,0.012,1.566,49.75746708330909,1896.7572126327525
