subject,start_a,start_t0,start_p,start_rd,start_sda,start_g2,start_bbic,a,t0,p,rd,sda,g2,bbic
165,0.074,0.427,0.516,0.012,1.403,162.35165770449,2100.8517391731402,0.074,0.426,0.524,0.011,1.51,200.88688868243722,2083.4685119227997
