subject,start_a,start_t0,start_p,start_rd,start_sda,start_g2,start_bbic,a,t0,p,rd,sda,g2,bbic
283,0.065,0.367,0.316,0.008,1.588,67.9324766356082,2003.8517805334975,0.065,0.367,0.368,0.008,1.599,88.1591343334768,1992.9117357433402
