subject,start_a,start_t0,start_p,start_rd,start_sda,start_g2,start_bbic,a,t0,p,rd,sda,g2,bbic
238,0.059,0.406,0.536,0.007,1.349,28.80914676491535,1946.1142445592852,0.058,0.406,0.537,0.007,1.418,36.699788372158324,1933.1770949253698
