subject,start_a,start_t0,start_p,start_rd,start_sda,start_g2,start_bbic,a,t0,p,rd,sda,g2,bbic
73,0.133,0.375,0.659,0.016,1.664,47.014897519329324,1856.877798949848,0.133,0.375,0.68,0.016,1.758,67.70054932368954,1852.164956322775
