subject,start_a,start_t0,start_p,start_rd,start_sda,start_g2,start_bbic,a,t0,p,rd,sda,g2,bbic
311,0.066,0.438,0.438,0.034,1.649,47.93548572053704,1876.6712773463548,0.065,0.442,0.467,0.033,1.841,68.450560795303,1894.1317295496697
