subject,start_a,start_t0,start_p,start_rd,start_sda,start_g2,start_bbic,a,t0,p,rd,sda,g2,bbic
423,0.054,0.436,0.427,0.031,1.438,93.51737124196688,1934.4005342882037,0.057,0.43,0.487,0.027,1.566,113.57731240130931,1942.3992387709193
