subject,start_a,start_t0,start_p,start_rd,start_sda,start_g2,start_bbic,a,t0,p,rd,sda,g2,bbic
104,0.084,0.367,0.298,0.01,1.624,95.49135749791343,1961.5206585502422,0.085,0.37,0.327,0.011,1.698,100.73136165085272,1945.7461627084472
