subject,start_a,start_t0,start_p,start_rd,start_sda,start_g2,start_bbic,a,t0,p,rd,sda,g2,bbic
604,0.078,0.424,0.445,0.042,1.575,181.82923604417653,2107.6808344814285,0.074,0.429,0.432,0.038,1.661,238.66657001762735,2101.4233246861404
