subject,start_a,start_t0,start_p,start_rd,start_sda,start_g2,start_bbic,a,t0,p,rd,sda,g2,bbic
362,0.08,0.295,0.416,0.076,1.974,153.80807616937517,2053.367282714503,0.08,0.285,0.429,0.044,2.197,193.6943661127716,2023.5813907488898
