subject,start_a,start_t0,start_p,start_rd,start_sda,start_g2,start_bbic,a,t0,p,rd,sda,g2,bbic
170,0.118,0.406,0.421,0.045,1.379,13.079291222208962,1811.1874960991113,0.12,0.403,0.428,0.058,1.449,23.758498849081565,1807.3158291295229
