subject,start_a,start_t0,start_p,start_rd,start_sda,start_g2,start_bbic,a,t0,p,rd,sda,g2,bbic
387,0.086,0.455,0.301,0.062,1.94,40.838274461129004,1893.167202393483,0.08,0.463,0.3,0.029,2.089,47.991338353132015,1873.8984296735591
