subject,start_a,start_t0,start_p,start_rd,start_sda,start_g2,start_bbic,a,t0,p,rd,sda,g2,bbic
171,0.116,0.296,0.7,0.009,1.011,24.38802017079951,1807.0586845578798,0.126,0.293,0.757,0.01,1.121,32.32602277645813,1814.2570897224164
