subject,start_a,start_t0,start_p,start_rd,start_sda,start_g2,start_bbic,a,t0,p,rd,sda,g2,bbic
147,0.165,0.331,0.548,0.005,1.401,30.439169161627287,1826.3504390958885,0.164,0.33,0.558,0.005,1.495,34.545937761370126,1815.9157903713606
