subject,start_a,start_t0,start_p,start_rd,start_sda,start_g2,start_bbic,a,t0,p,rd,sda,g2,bbic
569,0.052,0.312,0.554,0.02,1.917,102.00043298511547,2045.081248660212,0.051,0.313,0.561,0.019,2.045,125.45612940409943,2028.218113653204
