subject,start_a,start_t0,start_p,start_rd,start_sda,start_g2,start_bbic,a,t0,p,rd,sda,g2,bbic
525,0.059,0.358,0.47,0.016,1.607,121.31567926128456,1990.2710504679044,0.06,0.358,0.51,0.016,1.688,147.6423012775227,1993.0616073551948
