subject,start_a,start_t0,start_p,start_rd,start_sda,start_g2,start_bbic,a,t0,p,rd,sda,g2,bbic
448,0.115,0.418,0.378,0.074,1.027,15.603774551738804,1800.3901975562644,0.123,0.411,0.397,0.198,0.993,23.15655189895643,1805.6174376728695
