subject,start_a,start_t0,start_p,start_rd,start_sda,start_g2,start_bbic,a,t0,p,rd,sda,g2,bbic
388,0.081,0.358,0.536,0.008,1.336,54.66591280939892,1880.9776717891173,0.083,0.359,0.542,0.009,1.406,75.71471940239158,1901.4053758866949
