subject,start_a,start_t0,start_p,start_rd,start_sda,start_g2,start_bbic,a,t0,p,rd,sda,g2,bbic
528,0.09,0.407,0.446,0.029,1.458,45.80801283189147,1828.5594985784628,0.09,0.413,0.461,0.031,1.541,64.00511429399572,1849.25263268926
