subject,start_a,start_t0,start_p,start_rd,start_sda,start_g2,start_bbic,a,t0,p,rd,sda,g2,bbic
445,0.156,0.36,0.378,0.074,1.508,68.28845168208348,1880.4569661070323,0.151,0.37,0.373,0.04,1.633,86.91998084096804,1869.1107577079288
