subject,start_a,start_t0,start_p,start_rd,start_sda,start_g2,start_bbic,a,t0,p,rd,sda,g2,bbic
36,0.115,0.293,0.553,0.018,1.19,172.27939809358787,2020.8564220250157,0.116,0.295,0.553,0.019,1.262,199.43786044059277,2019.4058754037876
