subject,start_a,start_t0,start_p,start_rd,start_sda,start_g2,start_bbic,a,t0,p,rd,sda,g2,bbic
458,0.068,0.335,0.391,0.01,1.705,55.777553719183835,1938.431758426412,0.067,0.336,0.4,0.011,1.726,67.15865741318248,1927.3637267898641
