subject,start_a,start_t0,start_p,start_rd,start_sda,start_g2,start_bbic,a,t0,p,rd,sda,g2,bbic
87,0.073,0.282,0.453,0.017,1.86,76.23872286531386,1969.9702261496948,0.073,0.283,0.458,0.018,1.94,112.64012532422466,2003.43066141941
