subject,start_a,start_t0,start_p,start_rd,start_sda,start_g2,start_bbic,a,t0,p,rd,sda,g2,bbic
437,0.092,0.408,0.145,0.217,1.817,244.59306390210145,2120.2083307003927,0.097,0.396,0.15,0.282,1.886,298.90398871529175,2174.904731906573
