subject,start_a,start_t0,start_p,start_rd,start_sda,start_g2,start_bbic,a,t0,p,rd,sda,g2,bbic
140,0.134,0.384,0.639,0.023,1.677,45.54663121061268,1836.9669848878566,0.133,0.387,0.637,0.025,1.7,68.39327934557518,1850.3575650197113
