subject,start_a,start_t0,start_p,start_rd,start_sda,start_g2,start_bbic,a,t0,p,rd,sda,g2,bbic
343,0.081,0.353,0.488,0.013,1.745,35.61054396443659,1896.0333055226338,0.08,0.354,0.507,0.013,1.813,50.911985903737495,1895.007151589556
