subject,start_a,start_t0,start_p,start_rd,start_sda,start_g2,start_bbic,a,t0,p,rd,sda,g2,bbic
292,0.059,0.405,0.599,0.018,1.89,136.0525420404731,2004.0473600694029,0.059,0.407,0.732,0.015,1.888,131.12545302970594,1991.0894080534806
