subject,start_a,start_t0,start_p,start_rd,start_sda,start_g2,start_bbic,a,t0,p,rd,sda,g2,bbic
368,0.059,0.557,0.343,0.04,1.815,48.51156218807071,1878.674631961769,0.061,0.554,0.355,0.05,1.925,62.378631986723065,1887.4400928039897
