subject,start_a,start_t0,start_p,start_rd,start_sda,start_g2,start_bbic,a,t0,p,rd,sda,g2,bbic
157,0.049,0.334,0.265,0.025,1.949,207.97977002420748,2242.668277465492,0.048,0.338,0.281,0.025,2.083,235.31273561987584,2236.353526761087
