subject,start_a,start_t0,start_p,start_rd,start_sda,start_g2,start_bbic,a,t0,p,rd,sda,g2,bbic
479,0.07,0.339,0.678,0.019,1.848,50.779686400134175,1918.2265937033944,0.075,0.341,0.727,0.021,1.961,60.03019435780978,1885.1211190594825
