subject,start_a,start_t0,start_p,start_rd,start_sda,start_g2,start_bbic,a,t0,p,rd,sda,g2,bbic
514,0.152,0.261,0.432,0.125,1.741,48.66030960503134,1848.5005744112564,0.161,0.253,0.45,0.264,1.757,68.2945460087746,1849.268612805519
