subject,start_a,start_t0,start_p,start_rd,start_sda,start_g2,start_bbic,a,t0,p,rd,sda,g2,bbic
204,0.218,0.299,0.668,0.014,1.375,34.77064734473775,1817.438278584385,0.213,0.292,0.653,0.014,1.499,41.955677722194196,1823.9386222362582
