subject,start_a,start_t0,start_p,start_rd,start_sda,start_g2,start_bbic,a,t0,p,rd,sda,g2,bbic
558,0.036,0.422,0.491,0.012,1.525,57.760076331809785,2083.253172558,0.036,0.421,0.507,0.012,1.545,86.38915786275517,2099.1996703587947
