subject,start_a,start_t0,start_p,start_rd,start_sda,start_g2,start_bbic,a,t0,p,rd,sda,g2,bbic
493,0.104,0.416,0.341,0.007,1.325,161.12661696585377,1989.2251851544602,0.102,0.42,0.4,0.008,1.388,130.6960634785501,1956.8468668476726
