subject,start_a,start_t0,start_p,start_rd,start_sda,start_g2,start_bbic,a,t0,p,rd,sda,g2,bbic
519,0.049,0.501,0.582,0.036,1.679,34.32444887009402,1877.8330158386434,0.049,0.501,0.582,0.035,1.706,45.06776294932509,1868.5889784054223
