subject,start_a,start_t0,start_p,start_rd,start_sda,start_g2,start_bbic,a,t0,p,rd,sda,g2,bbic
135,0.072,0.375,0.552,0.016,1.805,38.12061278143046,1878.2715794083972,0.074,0.375,0.603,0.017,1.927,42.425200034846206,1865.5748142970474
