subject,start_a,start_t0,start_p,start_rd,start_sda,start_g2,start_bbic,a,t0,p,rd,sda,g2,bbic
80,0.077,0.366,0.318,0.01,1.679,135.6921773800979,2106.7898199695023,0.073,0.382,0.316,0.012,1.826,153.92986563225367,2052.211011366477
