subject,start_a,start_t0,start_p,start_rd,start_sda,start_g2,start_bbic,a,t0,p,rd,sda,g2,bbic
71,0.059,0.346,0.521,0.022,1.687,96.55307439598396,1992.4618180319178,0.059,0.346,0.521,0.022,1.686,120.61284059624856,1985.1130749239887
