subject,start_a,start_t0,start_p,start_rd,start_sda,start_g2,start_bbic,a,t0,p,rd,sda,g2,bbic
38,0.074,0.339,0.448,0.019,1.793,27.668081633280472,1869.1961229155752,0.073,0.346,0.442,0.02,1.921,47.303868010883235,1871.6873071638386
