subject,start_a,start_t0,start_p,start_rd,start_sda,start_g2,start_bbic,a,t0,p,rd,sda,g2,bbic
185,0.064,0.35,0.635,0.013,1.845,59.14427180221202,1938.085376262246,0.064,0.35,0.672,0.013,1.906,58.64683251305933,1919.466607541612
