subject,start_a,start_t0,start_p,start_rd,start_sda,start_g2,start_bbic,a,t0,p,rd,sda,g2,bbic
348,0.058,0.428,0.537,0.015,1.604,70.78785464604361,1923.791045337798,0.071,0.431,0.74,0.021,1.98,35.428895128903704,1859.5174471191622
