subject,start_a,start_t0,start_p,start_rd,start_sda,start_g2,start_bbic,a,t0,p,rd,sda,g2,bbic
496,0.131,0.351,0.377,0.006,1.521,74.94055254402426,1917.3459577499414,0.134,0.357,0.41,0.006,1.562,83.05485087427202,1911.742432054209
