subject,start_a,start_t0,start_p,start_rd,start_sda,start_g2,start_bbic,a,t0,p,rd,sda,g2,bbic
552,0.146,0.343,0.283,0.006,1.389,112.96196032666597,1912.5859015166363,0.145,0.343,0.34,0.005,1.408,83.42860450155717,1869.1082442400925
