subject,start_a,start_t0,start_p,start_rd,start_sda,start_g2,start_bbic,a,t0,p,rd,sda,g2,bbic
611,0.064,0.445,0.5,0.012,1.803,71.08601617775172,2000.0285425448253,0.066,0.444,0.535,0.012,1.871,82.52986731788957,1989.9973366490735
