subject,start_a,start_t0,start_p,start_rd,start_sda,start_g2,start_bbic,a,t0,p,rd,sda,g2,bbic
425,0.087,0.406,0.468,0.009,1.177,88.67342444010934,1938.3173122067165,0.078,0.421,0.469,0.012,1.415,107.8910166893435,1936.1846018015406
