subject,start_a,start_t0,start_p,start_rd,start_sda,start_g2,start_bbic,a,t0,p,rd,sda,g2,bbic
315,0.075,0.454,0.327,0.04,1.76,83.29273141769643,1872.966135798624,0.078,0.452,0.334,0.052,1.939,102.79887055992369,1886.5366695471016
