subject,start_a,start_t0,start_p,start_rd,start_sda,start_g2,start_bbic,a,t0,p,rd,sda,g2,bbic
27,0.096,0.467,0.456,0.009,1.016,26.213097758277453,1817.0136991469756,0.094,0.47,0.449,0.009,1.094,42.54053408470335,1826.6430707470042
