subject,start_a,start_t0,start_p,start_rd,start_sda,start_g2,start_bbic,a,t0,p,rd,sda,g2,bbic
408,0.12,0.291,0.056,0.166,1.336,228.8269701124949,2319.0512446437397,0.118,0.31,0.057,0.196,1.38,261.05408381722657,2310.630341647118
