subject,start_a,start_t0,start_p,start_rd,start_sda,start_g2,start_bbic,a,t0,p,rd,sda,g2,bbic
588,0.078,0.419,0.476,0.013,1.791,68.4072710300175,1902.350245855984,0.078,0.419,0.487,0.013,1.862,80.69282765851648,1905.1285269113375
