subject,start_a,start_t0,start_p,start_rd,start_sda,start_g2,start_bbic,a,t0,p,rd,sda,g2,bbic
250,0.061,0.413,0.301,0.096,1.703,133.3580287892406,2023.0001109512834,0.055,0.428,0.294,0.133,1.796,165.59012985026868,2054.2125051174107
