subject,start_a,start_t0,start_p,start_rd,start_sda,start_g2,start_bbic,a,t0,p,rd,sda,g2,bbic
449,0.079,0.408,0.418,0.019,1.629,22.708604299674093,1845.936668289764,0.073,0.427,0.439,0.023,1.733,32.68803402671945,1855.894250268587
