subject,start_a,start_t0,start_p,start_rd,start_sda,start_g2,start_bbic,a,t0,p,rd,sda,g2,bbic
499,0.066,0.312,0.248,0.008,1.417,171.3952715633765,2112.306641058677,0.066,0.313,0.275,0.008,1.523,190.76965241543738,2102.734979670027
