subject,start_a,start_t0,start_p,start_rd,start_sda,start_g2,start_bbic,a,t0,p,rd,sda,g2,bbic
114,0.166,0.222,0.203,0.005,1.29,141.50664389685664,1941.1128317323207,0.163,0.193,0.232,0.003,1.462,119.84020241133818,1904.0489468609067
