subject,start_a,start_t0,start_p,start_rd,start_sda,start_g2,start_bbic,a,t0,p,rd,sda,g2,bbic
391,0.113,0.393,0.165,0.173,1.268,112.29113674411555,1995.1141151509194,0.113,0.38,0.158,0.257,1.262,155.04249897535615,1984.24347666393
