subject,start_a,start_t0,start_p,start_rd,start_sda,start_g2,start_bbic,a,t0,p,rd,sda,g2,bbic
214,0.068,0.381,0.378,0.127,1.84,91.15837197607179,1951.222010728557,0.068,0.384,0.381,0.101,1.96,123.82879363325758,1948.0638724160976
