subject,start_a,start_t0,start_p,start_rd,start_sda,start_g2,start_bbic,a,t0,p,rd,sda,g2,bbic
480,0.078,0.345,0.462,0.011,1.312,33.50512946826981,1878.2597440538384,0.079,0.343,0.466,0.011,1.35,53.262564857187016,1878.2254120556995
