subject,start_a,start_t0,start_p,start_rd,start_sda,start_g2,start_bbic,a,t0,p,rd,sda,g2,bbic
543,0.179,0.311,0.666,0.027,1.273,75.31282985856777,1884.1383514874735,0.183,0.32,0.678,0.051,1.288,96.63277310208423,1886.7306275801925
