subject,start_a,start_t0,start_p,start_rd,start_sda,start_g2,start_bbic,a,t0,p,rd,sda,g2,bbic
341,0.258,0.191,0.887,0.021,1.867,34.2639237626768,1829.3557612044683,0.278,0.177,0.879,0.025,2.041,43.068041442832744,1822.9832269279934
