subject,start_a,start_t0,start_p,start_rd,start_sda,start_g2,start_bbic,a,t0,p,rd,sda,g2,bbic
28,0.056,0.368,0.526,0.017,1.929,29.912739401892555,1899.9237437790475,0.054,0.371,0.555,0.019,2.068,37.71334207573139,1891.1726302511786
