subject,start_a,start_t0,start_p,start_rd,start_sda,start_g2,start_bbic,a,t0,p,rd,sda,g2,bbic
117,0.071,0.378,0.431,0.015,1.822,29.09130492157358,1883.1986381632694,0.071,0.385,0.47,0.02,1.965,32.88158825196702,1877.5946214005253
