subject,start_a,start_t0,start_p,start_rd,start_sda,start_g2,start_bbic,a,t0,p,rd,sda,g2,bbic
613,0.084,0.502,0.479,0.037,1.67,7.564062751567359,1795.020888115062,0.082,0.505,0.484,0.036,1.758,13.162664086498644,1792.8494037930677
