subject,start_a,start_t0,start_p,start_rd,start_sda,start_g2,start_bbic,a,t0,p,rd,sda,g2,bbic
316,0.187,0.341,0.393,0.031,1.516,97.9201165701651,1876.8600026729844,0.185,0.341,0.399,0.018,1.582,118.81145399765883,1901.0470475995933
