subject,start_a,start_t0,start_p,start_rd,start_sda,start_g2,start_bbic,a,t0,p,rd,sda,g2,bbic
579,0.179,0.425,0.149,0.07,1.105,92.25008699651055,1947.6517702654608,0.168,0.477,0.17,0.007,1.122,101.07598868919199,1929.904313404981
