subject,start_a,start_t0,start_p,start_rd,start_sda,start_g2,start_bbic,a,t0,p,rd,sda,g2,bbic
9,0.059,0.487,0.458,0.009,1.72,63.793863741886284,1934.9384207239664,0.059,0.487,0.487,0.01,1.797,82.07373261013954,1937.1524666425546
