subject,start_a,start_t0,start_p,start_rd,start_sda,start_g2,start_bbic,a,t0,p,rd,sda,g2,bbic
386,0.057,0.379,0.492,0.027,1.444,78.87613187689927,1963.2351811506007,0.055,0.381,0.478,0.027,1.616,107.08819018989509,1973.0809696582864
