subject,start_a,start_t0,start_p,start_rd,start_sda,start_g2,start_bbic,a,t0,p,rd,sda,g2,bbic
523,0.056,0.392,0.474,0.01,1.492,79.39287403447922,1972.1629812640606,0.059,0.392,0.536,0.009,1.534,102.22031531297702,1963.8291995007949
