subject,start_a,start_t0,start_p,start_rd,start_sda,start_g2,start_bbic,a,t0,p,rd,sda,g2,bbic
286,0.204,0.269,0.665,0.014,1.342,8.725355254223068,1803.1980307752985,0.204,0.272,0.667,0.015,1.393,19.446976518181557,1800.388612076218
