subject,start_a,start_t0,start_p,start_rd,start_sda,start_g2,start_bbic,a,t0,p,rd,sda,g2,bbic
222,0.172,0.325,0.574,0.012,1.319,31.554378336952702,1835.614575758989,0.169,0.331,0.597,0.013,1.381,45.024573188744384,1832.6224231852118
