subject,start_a,start_t0,start_p,start_rd,start_sda,start_g2,start_bbic,a,t0,p,rd,sda,g2,bbic
406,0.172,0.348,0.687,0.007,1.331,44.780282474666535,1841.9028429308312,0.173,0.349,0.684,0.008,1.402,58.73189790561846,1842.360518198686
