subject,start_a,start_t0,start_p,start_rd,start_sda,start_g2,start_bbic,a,t0,p,rd,sda,g2,bbic
372,0.391,0.18,0.802,0.015,1.543,60.32705884206303,1861.1736798489408,0.385,0.182,0.801,0.015,1.605,72.21125175955449,1854.8720856726275
