subject,start_a,start_t0,start_p,start_rd,start_sda,start_g2,start_bbic,a,t0,p,rd,sda,g2,bbic
551,0.077,0.322,0.421,0.01,1.708,86.51409755841999,1954.3402918274994,0.078,0.323,0.465,0.011,1.818,93.91761662215333,1952.6727854720511
