subject,start_a,start_t0,start_p,start_rd,start_sda,start_g2,start_bbic,a,t0,p,rd,sda,g2,bbic
531,0.082,0.346,0.182,0.105,1.902,149.0955869985476,2066.934117485394,0.082,0.343,0.187,0.019,2.278,142.8170954388229,2030.650583662418
