subject,start_a,start_t0,start_p,start_rd,start_sda,start_g2,start_bbic,a,t0,p,rd,sda,g2,bbic
394,0.055,0.368,0.445,0.019,1.983,126.81734894222056,2046.551376105239,0.056,0.369,0.437,0.02,2.075,161.19900870458133,2060.456831014149
