subject,start_a,start_t0,start_p,start_rd,start_sda,start_g2,start_bbic,a,t0,p,rd,sda,g2,bbic
322,0.056,0.428,0.624,0.02,1.818,54.2722887437791,1925.0473816056356,0.056,0.428,0.68,0.021,1.887,59.496873662529936,1909.99713941807
