subject,start_a,start_t0,start_p,start_rd,start_sda,start_g2,start_bbic,a,t0,p,rd,sda,g2,bbic
462,0.077,0.393,0.344,0.029,1.82,181.0760702385361,1983.527563720977,0.076,0.395,0.349,0.029,1.911,219.5844423939189,2006.5725759922623
