subject,start_a,start_t0,start_p,start_rd,start_sda,start_g2,start_bbic,a,t0,p,rd,sda,g2,bbic
457,0.066,0.377,0.34,0.018,1.354,83.11082046281483,1938.610439840032,0.065,0.378,0.342,0.016,1.464,105.38272943765114,1953.4508284771066
