subject,start_a,start_t0,start_p,start_rd,start_sda,start_g2,start_bbic,a,t0,p,rd,sda,g2,bbic
313,0.064,0.412,0.395,0.016,1.599,90.46535101538176,1962.3965913387622,0.066,0.411,0.406,0.018,1.679,116.12707931562569,1966.7314815595432
