subject,start_a,start_t0,start_p,start_rd,start_sda,start_g2,start_bbic,a,t0,p,rd,sda,g2,bbic
541,0.068,0.337,0.42,0.012,1.577,208.64784675739628,2089.897495083097,0.069,0.336,0.423,0.013,1.655,244.58462560128805,2116.255865192594
