subject,start_a,start_t0,start_p,start_rd,start_sda,start_g2,start_bbic,a,t0,p,rd,sda,g2,bbic
255,0.157,0.352,0.684,0.015,1.19,69.66656523117801,1865.5752109795078,0.158,0.351,0.683,0.017,1.257,98.81473724035051,1884.4548376762482
