subject,start_a,start_t0,start_p,start_rd,start_sda,start_g2,start_bbic,a,t0,p,rd,sda,g2,bbic
404,0.064,0.468,0.407,0.013,1.315,129.2709675297828,2009.8080472987347,0.063,0.471,0.444,0.014,1.389,142.55977847533575,1993.2678133030838
