subject,start_a,start_t0,start_p,start_rd,start_sda,start_g2,start_bbic,a,t0,p,rd,sda,g2,bbic
470,0.071,0.404,0.426,0.014,1.534,202.4789978473735,2138.306467651292,0.069,0.402,0.43,0.011,1.634,216.81673934697207,2107.6274155046262
