subject,start_a,start_t0,start_p,start_rd,start_sda,start_g2,start_bbic,a,t0,p,rd,sda,g2,bbic
264,0.071,0.385,0.454,0.013,1.68,57.03395339369263,1932.347538811943,0.07,0.392,0.445,0.015,1.88,67.05638316576021,1920.5304148957307
