subject,start_a,start_t0,start_p,start_rd,start_sda,start_g2,start_bbic,a,t0,p,rd,sda,g2,bbic
30,0.148,0.259,0.528,0.021,1.076,159.82571451336656,1997.4558460186659,0.146,0.254,0.523,0.015,1.174,179.8513046674409,2001.7334368641505
