subject,start_a,start_t0,start_p,start_rd,start_sda,start_g2,start_bbic,a,t0,p,rd,sda,g2,bbic
129,0.119,0.45,0.616,0.03,0.704,36.000164681921724,1820.570816736584,0.119,0.451,0.619,0.061,0.7,46.73462008958027,1827.0247557680718
