subject,start_a,start_t0,start_p,start_rd,start_sda,start_g2,start_bbic,a,t0,p,rd,sda,g2,bbic
209,0.051,0.396,0.516,0.017,1.33,68.36705694090789,1942.91556785814,0.052,0.395,0.532,0.019,1.367,91.97670525198981,1957.036174650994
