subject,start_a,start_t0,start_p,start_rd,start_sda,start_g2,start_bbic,a,t0,p,rd,sda,g2,bbic
314,0.055,0.396,0.554,0.018,1.449,148.32180157744128,1990.8727030851874,0.059,0.392,0.612,0.019,1.539,173.57094488432543,2006.7381430666505
