subject,start_a,start_t0,start_p,start_rd,start_sda,start_g2,start_bbic,a,t0,p,rd,sda,g2,bbic
584,0.221,0.36,0.904,0.045,1.155,16.734696324308665,1806.6249279715867,0.224,0.357,0.903,0.049,1.254,31.192099835028106,1812.5817886115337
