subject,start_a,start_t0,start_p,start_rd,start_sda,start_g2,start_bbic,a,t0,p,rd,sda,g2,bbic
338,0.081,0.396,0.195,0.069,1.756,188.02152332024903,2116.777401808204,0.08,0.4,0.214,0.012,1.931,139.84831195964665,2047.8417717721343
