subject,start_a,start_t0,start_p,start_rd,start_sda,start_g2,start_bbic,a,t0,p,rd,sda,g2,bbic
107,0.2,0.228,0.587,0.011,1.344,53.593934613332166,1843.0579357684892,0.2,0.227,0.585,0.012,1.373,60.61853099240105,1844.1122551035182
