subject,start_a,start_t0,start_p,start_rd,start_sda,start_g2,start_bbic,a,t0,p,rd,sda,g2,bbic
239,0.084,0.368,0.739,0.017,1.518,135.82505043905164,2004.730047178072,0.082,0.37,0.814,0.015,1.587,144.20890488335698,1993.4784080206273
