subject,start_a,start_t0,start_p,start_rd,start_sda,start_g2,start_bbic,a,t0,p,rd,sda,g2,bbic
191,0.063,0.329,0.612,0.02,1.67,101.09878256149953,1957.9028583504391,0.063,0.329,0.61,0.021,1.692,128.26393270297433,1972.0344580466287
