subject,start_a,start_t0,start_p,start_rd,start_sda,start_g2,start_bbic,a,t0,p,rd,sda,g2,bbic
549,0.058,0.401,0.489,0.035,1.696,63.22276526612282,1902.783551366777,0.058,0.401,0.49,0.034,1.852,79.05279622024274,1905.5866111866744
