subject,start_a,start_t0,start_p,start_rd,start_sda,start_g2,start_bbic,a,t0,p,rd,sda,g2,bbic
460,0.117,0.327,0.651,0.014,1.132,102.48990857006038,1919.316475394354,0.114,0.328,0.679,0.013,1.169,128.98953301199543,1917.4169656049273
