subject,start_a,start_t0,start_p,start_rd,start_sda,start_g2,start_bbic,a,t0,p,rd,sda,g2,bbic
354,0.067,0.351,0.559,0.009,1.24,61.81601355376375,1926.3670213240775,0.067,0.351,0.555,0.01,1.329,85.66941508355113,1932.8828161068523
