subject,start_a,start_t0,start_p,start_rd,start_sda,start_g2,start_bbic,a,t0,p,rd,sda,g2,bbic
487,0.243,0.266,0.927,0.01,1.13,76.26404376185083,1870.8107115346857,0.243,0.259,0.923,0.01,1.221,79.84935110163634,1862.6887876119051
