subject,start_a,start_t0,start_p,start_rd,start_sda,start_g2,start_bbic,a,t0,p,rd,sda,g2,bbic
106,0.089,0.462,0.418,0.013,1.16,104.94979059043646,1944.3812730265395,0.089,0.461,0.422,0.014,1.266,157.26668437315774,1981.1551991466843
