subject,start_a,start_t0,start_p,start_rd,start_sda,start_g2,start_bbic,a,t0,p,rd,sda,g2,bbic
49,0.041,0.39,0.274,0.003,1.719,138.05443852032542,2254.6717635180835,0.041,0.39,0.214,0.002,1.847,142.40792588893,2242.4564833633995
