subject,start_a,start_t0,start_p,start_rd,start_sda,start_g2,start_bbic,a,t0,p,rd,sda,g2,bbic
183,0.1,0.414,0.23,0.067,1.752,137.42205600000787,1985.4749938385191,0.098,0.408,0.243,0.01,1.754,95.51339302099076,1921.0378556344274
