subject,start_a,start_t0,start_p,start_rd,start_sda,start_g2,start_bbic,a,t0,p,rd,sda,g2,bbic
378,0.208,0.252,0.715,0.02,1.432,42.90485699892552,1827.9501033562874,0.205,0.252,0.724,0.019,1.483,53.56616992392295,1839.004306185168
