subject,start_a,start_t0,start_p,start_rd,start_sda,start_g2,start_bbic,a,t0,p,rd,sda,g2,bbic
62,0.105,0.343,0.638,0.023,1.725,42.38218240493351,1834.3633327929444,0.104,0.347,0.662,0.025,1.817,59.55046272620949,1839.8354885025394
