subject,start_a,start_t0,start_p,start_rd,start_sda,start_g2,start_bbic,a,t0,p,rd,sda,g2,bbic
442,0.047,0.434,0.393,0.035,1.246,83.91384269928093,1981.4913302968143,0.047,0.434,0.397,0.032,1.347,111.32500798270141,1996.9728174336965
