subject,start_a,start_t0,start_p,start_rd,start_sda,start_g2,start_bbic,a,t0,p,rd,sda,g2,bbic
218,0.057,0.436,0.48,0.018,1.947,190.37253375143092,2064.289146776447,0.059,0.432,0.48,0.017,1.997,213.21721508083357,2072.2231063277795
