subject,start_a,start_t0,start_p,start_rd,start_sda,start_g2,start_bbic,a,t0,p,rd,sda,g2,bbic
244,0.054,0.387,0.5,0.017,1.977,137.5656203098025,2064.862790192061,0.055,0.382,0.536,0.018,2.234,148.544539790711,2050.909027882303
