subject,start_a,start_t0,start_p,start_rd,start_sda,start_g2,start_bbic,a,t0,p,rd,sda,g2,bbic
281,0.067,0.446,0.293,0.031,1.129,119.22410999005055,1961.0067254001794,0.067,0.452,0.293,0.018,1.195,120.89853825677139,1946.4409121889253
