subject,start_a,start_t0,start_p,start_rd,start_sda,start_g2,start_bbic,a,t0,p,rd,sda,g2,bbic
330,0.193,0.302,0.735,0.013,1.045,8.066574065186844,1793.4855482078665,0.196,0.294,0.729,0.013,1.134,15.61469713613184,1796.9090786230347
