subject,start_a,start_t0,start_p,start_rd,start_sda,start_g2,start_bbic,a,t0,p,rd,sda,g2,bbic
271,0.334,0.15,0.688,0.012,1.521,110.40099452431639,1926.271942936991,0.329,0.158,0.686,0.013,1.635,131.88025534895246,1921.088616896125
