subject,start_a,start_t0,start_p,start_rd,start_sda,start_g2,start_bbic,a,t0,p,rd,sda,g2,bbic
472,0.095,0.407,0.494,0.03,1.388,23.55962833123427,1818.6973718406996,0.096,0.412,0.513,0.031,1.46,36.774937016844426,1818.2088345314319
