subject,start_a,start_t0,start_p,start_rd,start_sda,start_g2,start_bbic,a,t0,p,rd,sda,g2,bbic
402,0.126,0.329,0.548,0.014,1.407,19.194559697676212,1808.9013714179607,0.129,0.328,0.551,0.015,1.459,31.653101017198576,1815.7494746415991
