subject,start_a,start_t0,start_p,start_rd,start_sda,start_g2,start_bbic,a,t0,p,rd,sda,g2,bbic
24,0.076,0.389,0.48,0.003,0.696,87.83848058301541,1926.0767563066818,0.07,0.393,0.547,0.002,0.729,86.35791466381603,1924.9837570843993
