subject,start_a,start_t0,start_p,start_rd,start_sda,start_g2,start_bbic,a,t0,p,rd,sda,g2,bbic
270,0.107,0.333,0.651,0.017,1.809,45.675298322637005,1849.6883155468042,0.111,0.331,0.704,0.018,1.933,70.71521829303464,1853.6560409915421
