subject,start_a,start_t0,start_p,start_rd,start_sda,start_g2,start_bbic,a,t0,p,rd,sda,g2,bbic
336,0.074,0.381,0.479,0.019,1.766,140.48408631680562,1933.852471619054,0.077,0.381,0.545,0.018,1.869,153.51056693721463,1938.8079567206498
