subject,start_a,start_t0,start_p,start_rd,start_sda,start_g2,start_bbic,a,t0,p,rd,sda,g2,bbic
179,0.049,0.424,0.478,0.022,1.705,75.31870133687276,1982.4609490615276,0.047,0.424,0.484,0.024,1.786,93.56598589352632,1992.3649198655992
