subject,start_a,start_t0,start_p,start_rd,start_sda,start_g2,start_bbic,a,t0,p,rd,sda,g2,bbic
236,0.127,0.398,0.66,0.022,0.998,84.4921333810791,1901.8726149675254,0.129,0.396,0.671,0.025,1.023,118.64145017132232,1905.2077669436599
