subject,start_a,start_t0,start_p,start_rd,start_sda,start_g2,start_bbic,a,t0,p,rd,sda,g2,bbic
447,0.148,0.388,0.748,0.02,1.213,44.76973483144584,1847.0738203079738,0.15,0.389,0.762,0.023,1.278,58.31420334350401,1843.924947473207
