subject,start_a,start_t0,start_p,start_rd,start_sda,start_g2,start_bbic,a,t0,p,rd,sda,g2,bbic
227,0.147,0.359,0.617,0.024,1.54,31.529348713856937,1829.5680291378742,0.15,0.365,0.623,0.031,1.596,52.935828856454854,1835.416294488373
