subject,start_a,start_t0,start_p,start_rd,start_sda,start_g2,start_bbic,a,t0,p,rd,sda,g2,bbic
426,0.162,0.31,0.838,0.017,1.513,22.239337476621788,1803.951531949106,0.167,0.306,0.862,0.018,1.567,31.0250300575631,1816.1820821035049
