subject,start_a,start_t0,start_p,start_rd,start_sda,start_g2,start_bbic,a,t0,p,rd,sda,g2,bbic
520,0.138,0.395,0.819,0.041,1.446,109.55887553825004,1905.552196471128,0.138,0.394,0.821,0.041,1.503,142.50609826012933,1928.3626879670283
