subject,start_a,start_t0,start_p,start_rd,start_sda,start_g2,start_bbic,a,t0,p,rd,sda,g2,bbic
309,0.058,0.327,0.368,0.013,1.438,100.31994930883864,2008.25614504509,0.06,0.324,0.372,0.014,1.526,128.0304743851404,2014.502573126708
