subject,start_a,start_t0,start_p,start_rd,start_sda,start_g2,start_bbic,a,t0,p,rd,sda,g2,bbic
235,0.083,0.386,0.41,0.022,1.764,62.62881451196788,1893.180640143687,0.081,0.386,0.404,0.023,1.906,82.98466943676948,1910.8048088608607
