subject,start_a,start_t0,start_p,start_rd,start_sda,start_g2,start_bbic,a,t0,p,rd,sda,g2,bbic
144,0.084,0.472,0.465,0.032,1.671,38.953040433365665,1823.1490351108357,0.086,0.47,0.465,0.032,1.782,45.78982248030972,1827.087086878018
