subject,start_a,start_t0,start_p,start_rd,start_sda,start_g2,start_bbic,a,t0,p,rd,sda,g2,bbic
50,0.087,0.282,0.507,0.02,1.584,166.81205479892472,2019.5066619312652,0.087,0.283,0.505,0.021,1.644,185.84196294181172,2013.797890042292
