subject,start_a,start_t0,start_p,start_rd,start_sda,start_g2,start_bbic,a,t0,p,rd,sda,g2,bbic
498,0.086,0.364,0.473,0.02,1.955,47.059614801384505,1891.474963622312,0.085,0.365,0.477,0.019,2.058,60.66190043082474,1886.044491136938
