subject,start_a,start_t0,start_p,start_rd,start_sda,start_g2,start_bbic,a,t0,p,rd,sda,g2,bbic
556,0.095,0.375,0.249,0.114,1.166,114.07303297483666,1934.7171769484532,0.099,0.348,0.237,0.02,1.267,130.74835020372066,1914.5274790056546
