subject,start_a,start_t0,start_p,start_rd,start_sda,start_g2,start_bbic,a,t0,p,rd,sda,g2,bbic
43,0.123,0.259,0.131,0.195,1.69,98.77800061761799,1983.656217720549,0.124,0.243,0.131,0.271,1.765,136.1166289109811,2006.3188818481294
