subject,start_a,start_t0,start_p,start_rd,start_sda,start_g2,start_bbic,a,t0,p,rd,sda,g2,bbic
187,0.086,0.431,0.392,0.009,1.294,190.73264829982324,2083.2047677898727,0.088,0.435,0.403,0.01,1.342,230.5798636420534,2106.095890354595
