subject,start_a,start_t0,start_p,start_rd,start_sda,start_g2,start_bbic,a,t0,p,rd,sda,g2,bbic
413,0.069,0.349,0.425,0.014,1.828,109.96892197364409,1988.3488360274669,0.069,0.349,0.507,0.013,1.905,126.66901457310111,1979.6278785843292
