subject,start_a,start_t0,start_p,start_rd,start_sda,start_g2,start_bbic,a,t0,p,rd,sda,g2,bbic
376,0.087,0.387,0.451,0.015,1.81,94.59848204078686,1921.8843884400605,0.085,0.387,0.459,0.016,1.857,115.33792106886962,1940.3200406449155
