subject,start_a,start_t0,start_p,start_rd,start_sda,start_g2,start_bbic,a,t0,p,rd,sda,g2,bbic
303,0.066,0.9,0.463,0.005,0.715,72.66649785967614,1872.3819062380346,0.067,0.9,0.522,0.004,0.745,72.37602081047177,1855.068820637486
