subject,start_a,start_t0,start_p,start_rd,start_sda,start_g2,start_bbic,a,t0,p,rd,sda,g2,bbic
105,0.052,0.381,0.389,0.034,1.788,244.22208804173573,2187.9554765080943,0.051,0.384,0.379,0.031,1.979,294.4473472789937,2228.2847365011803
