subject,start_a,start_t0,start_p,start_rd,start_sda,start_g2,start_bbic,a,t0,p,rd,sda,g2,bbic
261,0.066,0.359,0.555,0.013,1.413,49.83392151766923,1884.3313854536239,0.069,0.356,0.568,0.014,1.488,68.48365494235705,1892.964843203383
