subject,start_a,start_t0,start_p,start_rd,start_sda,start_g2,start_bbic,a,t0,p,rd,sda,g2,bbic
548,0.062,0.307,0.315,0.13,0.927,131.86533397518198,2005.4446164518247,0.061,0.308,0.317,0.155,0.927,189.80045226842503,2057.0818413333714
