subject,start_a,start_t0,start_p,start_rd,start_sda,start_g2,start_bbic,a,t0,p,rd,sda,g2,bbic
371,0.163,0.398,0.53,0.014,1.477,68.41552224281986,1878.4531138005784,0.168,0.396,0.532,0.017,1.519,84.15395565027795,1872.5574546129847
