subject,start_a,start_t0,start_p,start_rd,start_sda,start_g2,start_bbic,a,t0,p,rd,sda,g2,bbic
592,0.094,0.342,0.066,0.17,1.385,382.6606159775574,2496.267188491189,0.089,0.351,0.058,0.138,1.504,431.4722560722474,2523.1102030990082
