subject,start_a,start_t0,start_p,start_rd,start_sda,start_g2,start_bbic,a,t0,p,rd,sda,g2,bbic
173,0.065,0.415,0.378,0.023,1.823,38.216945386544,1912.889885928642,0.068,0.414,0.383,0.022,1.918,46.245145026597385,1913.9374579645378
