subject,start_a,start_t0,start_p,start_rd,start_sda,start_g2,start_bbic,a,t0,p,rd,sda,g2,bbic
152,0.063,0.515,0.304,0.047,1.396,154.26027412532628,2079.25137315706,0.061,0.519,0.286,0.127,1.433,195.886686956031,2083.563196351185
