subject,start_a,start_t0,start_p,start_rd,start_sda,start_g2,start_bbic,a,t0,p,rd,sda,g2,bbic
258,0.097,0.574,0.39,0.003,0.835,38.63228210709505,1831.1471966200154,0.098,0.576,0.39,0.004,0.873,49.4784306267672,1830.3573832968132
