subject,start_a,start_t0,start_p,start_rd,start_sda,start_g2,start_bbic,a,t0,p,rd,sda,g2,bbic
586,0.077,0.353,0.409,0.009,1.452,56.65720509826804,1919.2294321576542,0.079,0.342,0.407,0.009,1.52,63.39316510172829,1907.5730357635082
