subject,start_a,start_t0,start_p,start_rd,start_sda,start_g2,start_bbic,a,t0,p,rd,sda,g2,bbic
197,0.082,0.408,0.4,0.016,1.634,85.8202327003499,1936.788499607701,0.083,0.415,0.403,0.021,1.789,122.48238843910335,1945.4815209992396
