subject,start_a,start_t0,start_p,start_rd,start_sda,start_g2,start_bbic,a,t0,p,rd,sda,g2,bbic
331,0.145,0.406,0.653,0.008,1.092,79.4903891712509,1884.522935519177,0.137,0.41,0.672,0.007,1.173,93.26708770922752,1879.045715098953
