subject,start_a,start_t0,start_p,start_rd,start_sda,start_g2,start_bbic,a,t0,p,rd,sda,g2,bbic
596,0.076,0.442,0.486,0.009,1.294,17.326099030950445,1843.084364788851,0.078,0.444,0.492,0.011,1.376,29.7217333345452,1856.613514109155
