subject,start_a,start_t0,start_p,start_rd,start_sda,start_g2,start_bbic,a,t0,p,rd,sda,g2,bbic
581,0.218,0.333,0.754,0.022,1.076,66.85919073647598,1877.513948849977,0.218,0.333,0.754,0.022,1.144,92.09594921584149,1873.4262332741744
