subject,start_a,start_t0,start_p,start_rd,start_sda,start_g2,start_bbic,a,t0,p,rd,sda,g2,bbic
202,0.167,0.251,0.186,0.004,1.62,91.96897202426817,1890.216488182988,0.167,0.387,0.235,0.006,2.012,62.67332630364995,1844.2276580401885
