subject,start_a,start_t0,start_p,start_rd,start_sda,start_g2,start_bbic,a,t0,p,rd,sda,g2,bbic
17,0.063,0.357,0.452,0.016,1.604,122.06288136293965,2013.1693831664927,0.062,0.358,0.443,0.016,1.679,149.8534179691629,2007.4374958782164
