subject,start_a,start_t0,start_p,start_rd,start_sda,start_g2,start_bbic,a,t0,p,rd,sda,g2,bbic
233,0.06,0.44,0.618,0.012,1.11,46.18737112588116,1873.9060561737726,0.06,0.44,0.618,0.012,1.115,63.203482986428014,1887.1206518926617
