subject,start_a,start_t0,start_p,start_rd,start_sda,start_g2,start_bbic,a,t0,p,rd,sda,g2,bbic
364,0.062,0.442,0.398,0.028,1.847,84.13296525088893,2035.2553878614783,0.058,0.441,0.393,0.026,1.949,120.07115732535055,1988.588878592907
