subject,start_a,start_t0,start_p,start_rd,start_sda,start_g2,start_bbic,a,t0,p,rd,sda,g2,bbic
121,0.05,0.389,0.582,0.013,1.459,60.877622605715345,1934.9728929859136,0.057,0.385,0.713,0.014,1.547,53.62493190880966,1914.9305680438933
