subject,start_a,start_t0,start_p,start_rd,start_sda,start_g2,start_bbic,a,t0,p,rd,sda,g2,bbic
15,0.055,0.312,0.528,0.017,1.791,23.40995913099221,1883.7257446354458,0.056,0.311,0.518,0.019,1.855,28.229417092842642,1881.9446627286952
