subject,start_a,start_t0,start_p,start_rd,start_sda,start_g2,start_bbic,a,t0,p,rd,sda,g2,bbic
527,0.058,0.439,0.402,0.013,1.645,113.47764186345954,1997.5036165869499,0.058,0.437,0.432,0.013,1.775,133.9215242011339,1997.2206886553508
