subject,start_a,start_t0,start_p,start_rd,start_sda,start_g2,start_bbic,a,t0,p,rd,sda,g2,bbic
74,0.089,0.351,0.719,0.026,1.883,49.09509262975832,1845.1976739138345,0.089,0.353,0.772,0.027,1.96,57.91231076616001,1845.393161021252
