subject,start_a,start_t0,start_p,start_rd,start_sda,start_g2,start_bbic,a,t0,p,rd,sda,g2,bbic
366,0.058,0.423,0.334,0.024,1.963,124.38409486542545,2063.58101691408,0.061,0.426,0.337,0.022,2.116,141.88339077096663,2069.2041658908115
