subject,start_a,start_t0,start_p,start_rd,start_sda,start_g2,start_bbic,a,t0,p,rd,sda,g2,bbic
139,0.048,0.35,0.472,0.009,1.405,94.35497209499893,2000.6442343981057,0.048,0.35,0.469,0.01,1.452,111.97207880405304,2008.101153325431
