subject,start_a,start_t0,start_p,start_rd,start_sda,start_g2,start_bbic,a,t0,p,rd,sda,g2,bbic
467,0.314,0.158,0.607,0.026,1.585,12.336461908791275,1803.169400312755,0.325,0.152,0.627,0.023,1.644,23.2693481441866,1805.5477478459345
