subject,start_a,start_t0,start_p,start_rd,start_sda,start_g2,start_bbic,a,t0,p,rd,sda,g2,bbic
587,0.064,0.39,0.613,0.011,1.151,42.32595622572711,1880.704164321018,0.064,0.39,0.626,0.011,1.171,57.49525378777886,1880.0034911651376
