subject,start_a,start_t0,start_p,start_rd,start_sda,start_g2,start_bbic,a,t0,p,rd,sda,g2,bbic
454,0.132,0.373,0.424,0.011,1.581,74.46982830753622,1869.3657764047248,0.135,0.372,0.423,0.011,1.637,78.61900358845033,1863.9656614677465
