subject,start_a,start_t0,start_p,start_rd,start_sda,start_g2,start_bbic,a,t0,p,rd,sda,g2,bbic
82,0.072,0.366,0.572,0.014,1.858,103.94938351989558,1980.0061950122924,0.07,0.375,0.616,0.015,1.898,115.38083029473648,1976.2945588749524
