subject,start_a,start_t0,start_p,start_rd,start_sda,start_g2,start_bbic,a,t0,p,rd,sda,g2,bbic
532,0.075,0.386,0.406,0.025,1.756,98.17699667752389,1936.0552697711032,0.074,0.383,0.406,0.025,1.859,114.0026415002611,1940.5303273817185
