subject,start_a,start_t0,start_p,start_rd,start_sda,start_g2,start_bbic,a,t0,p,rd,sda,g2,bbic
326,0.07,0.434,0.225,0.026,1.833,76.35838392130182,1988.8970144141756,0.071,0.437,0.222,0.025,2.075,82.0033722833237,1993.617488121648
