subject,start_a,start_t0,start_p,start_rd,start_sda,start_g2,start_bbic,a,t0,p,rd,sda,g2,bbic
536,0.108,0.378,0.908,0.02,1.417,38.58140420587884,1828.0091274604106,0.108,0.378,0.908,0.02,1.414,60.74612241032376,1843.4141827771502
