subject,start_a,start_t0,start_p,start_rd,start_sda,start_g2,start_bbic,a,t0,p,rd,sda,g2,bbic
455,0.128,0.336,0.78,0.022,1.903,111.84788743222882,1944.9325745667286,0.137,0.325,0.797,0.022,2.038,131.41252464667178,1922.099370208017
