subject,start_a,start_t0,start_p,start_rd,start_sda,start_g2,start_bbic,a,t0,p,rd,sda,g2,bbic
131,0.224,0.22,0.678,0.009,1.012,125.85152126098829,1968.3982289370065,0.224,0.222,0.68,0.01,1.058,140.74134297606756,1968.5891538441545
