subject,start_a,start_t0,start_p,start_rd,start_sda,start_g2,start_bbic,a,t0,p,rd,sda,g2,bbic
318,0.048,0.32,0.267,0.001,1.499,145.31589601279543,2188.414740960346,0.048,0.32,0.267,0.001,1.497,178.33924366286288,2202.3921865518573
