subject,start_a,start_t0,start_p,start_rd,start_sda,start_g2,start_bbic,a,t0,p,rd,sda,g2,bbic
441,0.063,0.477,0.325,0.002,1.924,79.42814864493336,2025.7074399542016,0.063,0.477,0.322,0.002,1.907,95.3858036741121,2023.2624262684712
