subject,start_a,start_t0,start_p,start_rd,start_sda,start_g2,start_bbic,a,t0,p,rd,sda,g2,bbic
560,0.071,0.413,0.426,0.012,1.646,59.28936129654351,1933.8400613225906,0.069,0.416,0.418,0.012,1.717,72.74088883036838,1935.0863688924655
