subject,start_a,start_t0,start_p,start_rd,start_sda,start_g2,start_bbic,a,t0,p,rd,sda,g2,bbic
54,0.169,0.406,0.577,0.035,1.295,16.519863172424174,1807.743768906172,0.168,0.407,0.577,0.033,1.404,24.713523002558727,1804.843940373567
