subject,start_a,start_t0,start_p,start_rd,start_sda,start_g2,start_bbic,a,t0,p,rd,sda,g2,bbic
143,0.082,0.49,0.208,0.007,1.075,105.76795730511512,1992.0009062858373,0.082,0.493,0.213,0.007,1.157,129.75877723310734,1994.577415796503
