subject,start_a,start_t0,start_p,start_rd,start_sda,start_g2,start_bbic,a,t0,p,rd,sda,g2,bbic
607,0.182,0.18,0.24,0.012,1.844,62.770214127986065,1859.827370440988,0.152,0.242,0.235,0.011,2.287,55.39419126459607,1837.9739580455112
