subject,start_a,start_t0,start_p,start_rd,start_sda,start_g2,start_bbic,a,t0,p,rd,sda,g2,bbic
452,0.055,0.415,0.504,0.014,1.749,63.2357014980534,1934.8042213817357,0.055,0.415,0.544,0.014,1.794,75.95572099925633,1938.82351403509
