subject,start_a,start_t0,start_p,start_rd,start_sda,start_g2,start_bbic,a,t0,p,rd,sda,g2,bbic
55,0.133,0.392,0.68,0.022,1.304,34.88331749878852,1825.1613580328203,0.127,0.394,0.667,0.021,1.379,50.706539767169545,1832.3197667076438
