subject,start_a,start_t0,start_p,start_rd,start_sda,start_g2,start_bbic,a,t0,p,rd,sda,g2,bbic
399,0.087,0.349,0.406,0.014,1.757,20.60141831342571,1851.0988160258073,0.087,0.348,0.4,0.015,1.873,24.008252468707433,1847.511814078979
