subject,start_a,start_t0,start_p,start_rd,start_sda,start_g2,start_bbic,a,t0,p,rd,sda,g2,bbic
300,0.118,0.329,0.794,0.021,1.674,42.87163933551734,1843.4757733796614,0.115,0.331,0.799,0.021,1.762,52.68849204369167,1840.154415147495
