subject,start_a,start_t0,start_p,start_rd,start_sda,start_g2,start_bbic,a,t0,p,rd,sda,g2,bbic
503,0.096,0.355,0.623,0.008,1.178,82.09784436122212,1938.3630380879142,0.095,0.362,0.67,0.007,1.207,92.65276612480346,1921.869623500788
