subject,start_a,start_t0,start_p,start_rd,start_sda,start_g2,start_bbic,a,t0,p,rd,sda,g2,bbic
265,0.127,0.392,0.733,0.02,0.902,241.94831468616164,2128.224899369481,0.124,0.397,0.733,0.022,0.968,278.411302222048,2111.2813039085713
