subject,start_a,start_t0,start_p,start_rd,start_sda,start_g2,start_bbic,a,t0,p,rd,sda,g2,bbic
137,0.156,0.301,0.579,0.029,1.187,102.7198913411472,1916.9572973641684,0.158,0.303,0.585,0.024,1.274,140.5345965594931,1927.9665067382757
