subject,start_a,start_t0,start_p,start_rd,start_sda,start_g2,start_bbic,a,t0,p,rd,sda,g2,bbic
589,0.069,0.369,0.554,0.018,1.83,121.2994211605464,1969.1376650274233,0.069,0.369,0.612,0.017,1.922,124.62707904872309,1966.6655742416988
