subject,start_a,start_t0,start_p,start_rd,start_sda,start_g2,start_bbic,a,t0,p,rd,sda,g2,bbic
126,0.073,0.336,0.421,0.01,1.332,67.05957258728391,1913.2964485736484,0.079,0.328,0.474,0.009,1.492,68.0036027800057,1916.393799310518
