subject,start_a,start_t0,start_p,start_rd,start_sda,start_g2,start_bbic,a,t0,p,rd,sda,g2,bbic
25,0.067,0.337,0.382,0.019,1.801,133.83394972191562,2035.952704672527,0.069,0.337,0.391,0.019,1.978,175.61548394329242,2026.9506325159327
