subject,start_a,start_t0,start_p,start_rd,start_sda,start_g2,start_bbic,a,t0,p,rd,sda,g2,bbic
356,0.071,0.362,0.523,0.015,1.473,90.40756320252711,1898.0053216255317,0.073,0.362,0.585,0.017,1.54,90.71633898685853,1879.6026848513318
