subject,start_a,start_t0,start_p,start_rd,start_sda,start_g2,start_bbic,a,t0,p,rd,sda,g2,bbic
395,0.053,0.4,0.734,0.015,1.241,63.01719331716543,1898.9511928062734,0.051,0.403,0.805,0.018,1.301,70.8531531131852,1914.4880060636776
