subject,start_a,start_t0,start_p,start_rd,start_sda,start_g2,start_bbic,a,t0,p,rd,sda,g2,bbic
182,0.068,0.421,0.324,0.014,1.471,158.95227516559413,2059.645371351055,0.065,0.442,0.307,0.02,1.65,195.2616941834222,2051.6098579958534
