subject,start_a,start_t0,start_p,start_rd,start_sda,start_g2,start_bbic,a,t0,p,rd,sda,g2,bbic
205,0.076,0.489,0.525,0.02,1.56,157.25812696064978,2016.1842619996305,0.078,0.481,0.552,0.018,1.717,182.76134942555285,2007.6161529069889
