subject,start_a,start_t0,start_p,start_rd,start_sda,start_g2,start_bbic,a,t0,p,rd,sda,g2,bbic
396,0.195,0.254,0.758,0.01,1.147,37.73532437000568,1822.074840885018,0.196,0.254,0.774,0.01,1.162,39.48004479502663,1822.2822288212367
