subject,start_a,start_t0,start_p,start_rd,start_sda,start_g2,start_bbic,a,t0,p,rd,sda,g2,bbic
123,0.06,0.368,0.633,0.019,1.656,40.70838900613679,1899.936099683881,0.061,0.37,0.688,0.018,1.711,50.127788693579305,1897.5829417921984
