subject,start_a,start_t0,start_p,start_rd,start_sda,start_g2,start_bbic,a,t0,p,rd,sda,g2,bbic
33,0.091,0.521,0.144,0.042,1.881,368.2250963552514,2301.1642144734265,0.104,0.467,0.216,0.007,2.152,269.72964066996303,2180.4627354767003
