subject,start_a,start_t0,start_p,start_rd,start_sda,start_g2,start_bbic,a,t0,p,rd,sda,g2,bbic
412,0.074,0.386,0.404,0.011,1.435,59.638368126010654,1899.6295488664932,0.075,0.388,0.438,0.012,1.527,57.891480854900685,1884.9143574412367
