subject,start_a,start_t0,start_p,start_rd,start_sda,start_g2,start_bbic,a,t0,p,rd,sda,g2,bbic
104,0.071,0.294,0.459,0.045,1.825,139.7636949615249,2023.1197664608,0.067,0.297,0.465,0.033,1.92,202.41789742083873,2028.1153677689742
