subject,start_a,start_t0,start_p,start_rd,start_sda,start_g2,start_bbic,a,t0,p,rd,sda,g2,bbic
558,0.057,0.455,0.347,0.014,1.605,41.80775340106347,1956.7780001089607,0.057,0.456,0.348,0.015,1.64,49.86172453296942,1951.5911218219621
