subject,start_a,start_t0,start_p,start_rd,start_sda,start_g2,start_bbic,a,t0,p,rd,sda,g2,bbic
32,0.098,0.326,0.705,0.026,1.937,62.635199429745285,1865.5973719790952,0.092,0.328,0.735,0.024,2.043,65.67567006907292,1849.920267810942
