subject,start_a,start_t0,start_p,start_rd,start_sda,start_g2,start_bbic,a,t0,p,rd,sda,g2,bbic
479,0.089,0.35,0.537,0.013,1.43,18.808541068986045,1812.4927651803134,0.09,0.35,0.539,0.014,1.447,26.84463989657927,1807.4875347540599
