subject,start_a,start_t0,start_p,start_rd,start_sda,start_g2,start_bbic,a,t0,p,rd,sda,g2,bbic
137,0.049,0.368,0.539,0.021,1.692,95.0902757219255,2002.3540890887077,0.051,0.363,0.551,0.022,1.774,100.71990032901178,1997.723118399389
