subject,start_a,start_t0,start_p,start_rd,start_sda,start_g2,start_bbic,a,t0,p,rd,sda,g2,bbic
181,0.062,0.409,0.245,0.116,1.743,229.13424984135662,2187.0742345501785,0.061,0.418,0.222,0.026,1.888,226.41076637704543,2114.9275210929504
