subject,start_a,start_t0,start_p,start_rd,start_sda,start_g2,start_bbic,a,t0,p,rd,sda,g2,bbic
535,0.127,0.305,0.683,0.076,1.267,35.60728357067739,1816.5048019800595,0.131,0.312,0.713,0.164,1.19,39.32920113889041,1819.1927965045184
