subject,start_a,start_t0,start_p,start_rd,start_sda,start_g2,start_bbic,a,t0,p,rd,sda,g2,bbic
252,0.159,0.261,0.683,0.019,1.255,27.645077850040664,1822.452869992129,0.175,0.253,0.726,0.015,1.22,34.853754640686816,1817.0821127975835
