subject,start_a,start_t0,start_p,start_rd,start_sda,start_g2,start_bbic,a,t0,p,rd,sda,g2,bbic
412,0.059,0.382,0.531,0.026,1.925,44.751119255645456,1891.4260680239188,0.059,0.379,0.548,0.023,1.959,55.03959895520847,1901.0020970882217
