subject,start_a,start_t0,start_p,start_rd,start_sda,start_g2,start_bbic,a,t0,p,rd,sda,g2,bbic
285,0.069,0.313,0.331,0.148,1.597,84.89928255932386,1941.4397163980864,0.07,0.309,0.346,0.038,1.725,89.14066870501334,1911.4855868470997
