subject,start_a,start_t0,start_p,start_rd,start_sda,start_g2,start_bbic,a,t0,p,rd,sda,g2,bbic
425,0.062,0.364,0.604,0.01,1.389,51.46303425151515,1929.506826388791,0.063,0.364,0.628,0.011,1.464,66.03976974331098,1915.9515803347183
