subject,start_a,start_t0,start_p,start_rd,start_sda,start_g2,start_bbic,a,t0,p,rd,sda,g2,bbic
38,0.501,0.319,0.746,0.025,1.494,44.40194702696762,1847.4539978640114,0.505,0.331,0.749,0.031,1.541,61.228625303823705,1847.5490398918769
