subject,start_a,start_t0,start_p,start_rd,start_sda,start_g2,start_bbic,a,t0,p,rd,sda,g2,bbic
182,0.043,0.363,0.525,0.036,1.843,102.19668908489909,1935.4417825907094,0.044,0.364,0.562,0.039,1.921,105.44946966652552,1929.598368445869
