subject,start_a,start_t0,start_p,start_rd,start_sda,start_g2,start_bbic,a,t0,p,rd,sda,g2,bbic
410,0.063,0.345,0.594,0.026,1.971,59.99148929175873,1894.3178706835024,0.066,0.346,0.659,0.027,2.086,50.497509396844876,1874.3873573821713
