subject,start_a,start_t0,start_p,start_rd,start_sda,start_g2,start_bbic,a,t0,p,rd,sda,g2,bbic
557,0.052,0.375,0.395,0.016,1.778,71.90272894892365,1990.1563406327664,0.052,0.376,0.428,0.015,1.879,89.1272447045749,1992.1928128322224
