subject,start_a,start_t0,start_p,start_rd,start_sda,start_g2,start_bbic,a,t0,p,rd,sda,g2,bbic
460,0.055,0.455,0.464,0.012,1.412,87.90655613724925,1943.2066456569787,0.056,0.454,0.486,0.014,1.479,100.89377106723943,1947.517420322819
