subject,start_a,start_t0,start_p,start_rd,start_sda,start_g2,start_bbic,a,t0,p,rd,sda,g2,bbic
502,0.121,0.267,0.311,0.094,1.645,113.66879055202915,1940.2039723885184,0.119,0.27,0.309,0.078,1.695,146.20167663340337,1933.325149757776
