subject,start_a,start_t0,start_p,start_rd,start_sda,start_g2,start_bbic,a,t0,p,rd,sda,g2,bbic
231,0.089,0.414,0.457,0.013,1.573,57.03061986825104,1850.9079087909322,0.094,0.408,0.501,0.012,1.606,63.500882620261244,1846.2429280720182
