subject,start_a,start_t0,start_p,start_rd,start_sda,start_g2,start_bbic,a,t0,p,rd,sda,g2,bbic
270,0.069,0.345,0.535,0.024,1.681,173.77935451599265,1998.7251564647765,0.076,0.341,0.56,0.028,1.73,222.71129733287736,2050.112633598556
