subject,start_a,start_t0,start_p,start_rd,start_sda,start_g2,start_bbic,a,t0,p,rd,sda,g2,bbic
119,0.172,0.32,0.479,0.014,1.651,95.73076685919017,1928.755452531611,0.175,0.32,0.469,0.019,1.723,116.0385436363417,1903.5979066410525
