subject,start_a,start_t0,start_p,start_rd,start_sda,start_g2,start_bbic,a,t0,p,rd,sda,g2,bbic
95,0.083,0.348,0.268,0.122,1.127,101.59646644221428,1987.0392935443078,0.08,0.359,0.264,0.108,1.184,119.52701491327217,1945.0895493319551
