subject,start_a,start_t0,start_p,start_rd,start_sda,start_g2,start_bbic,a,t0,p,rd,sda,g2,bbic
14,0.076,0.379,0.421,0.024,1.824,35.26224662579503,1873.3497668616637,0.074,0.381,0.417,0.023,1.964,54.75983353022245,1878.0231071924034
