subject,start_a,start_t0,start_p,start_rd,start_sda,start_g2,start_bbic,a,t0,p,rd,sda,g2,bbic
375,0.05,0.281,0.578,0.017,1.947,31.027441995454673,1941.439500081767,0.051,0.28,0.608,0.017,2.055,37.5643107407313,1931.0580111982129
