subject,start_a,start_t0,start_p,start_rd,start_sda,start_g2,start_bbic,a,t0,p,rd,sda,g2,bbic
121,0.057,0.343,0.633,0.006,1.31,140.17688402813224,2055.601414250097,0.057,0.343,0.636,0.007,1.356,156.31155964046246,2075.658634580295
