subject,start_a,start_t0,start_p,start_rd,start_sda,start_g2,start_bbic,a,t0,p,rd,sda,g2,bbic
173,0.056,0.358,0.646,0.024,1.817,87.0289223176744,1944.5374658808225,0.056,0.358,0.696,0.024,1.886,89.57540870169143,1936.993958197959
