subject,start_a,start_t0,start_p,start_rd,start_sda,start_g2,start_bbic,a,t0,p,rd,sda,g2,bbic
367,0.152,0.305,0.752,0.018,1.385,131.54904349833404,1940.1508420607413,0.156,0.3,0.748,0.019,1.411,140.26596659222105,1927.282200116987
