subject,start_a,start_t0,start_p,start_rd,start_sda,start_g2,start_bbic,a,t0,p,rd,sda,g2,bbic
317,0.061,0.446,0.364,0.025,1.723,161.18844663950995,2076.146057940575,0.061,0.446,0.367,0.025,1.79,195.48906473905973,2061.0336265173723
