subject,start_a,start_t0,start_p,start_rd,start_sda,start_g2,start_bbic,a,t0,p,rd,sda,g2,bbic
451,0.155,0.338,0.412,0.012,1.168,72.66672609495585,1872.3544979367653,0.151,0.34,0.404,0.011,1.192,87.45220623351726,1871.5917838990383
