subject,start_a,start_t0,start_p,start_rd,start_sda,start_g2,start_bbic,a,t0,p,rd,sda,g2,bbic
351,0.074,0.33,0.555,0.009,1.492,20.350204792588727,1888.8050026695958,0.074,0.33,0.56,0.009,1.546,26.68576454797772,1883.3890002646842
