subject,start_a,start_t0,start_p,start_rd,start_sda,start_g2,start_bbic,a,t0,p,rd,sda,g2,bbic
533,0.148,0.351,0.631,0.338,1.767,54.283366841739706,1856.2182746528506,0.155,0.354,0.661,0.365,1.869,75.13918070827468,1861.0333037465705
