subject,start_a,start_t0,start_p,start_rd,start_sda,start_g2,start_bbic,a,t0,p,rd,sda,g2,bbic
158,0.074,0.418,0.542,0.01,1.513,24.80171972389017,1879.4657223381905,0.075,0.417,0.565,0.011,1.538,31.163761759453948,1877.611526114039
