subject,start_a,start_t0,start_p,start_rd,start_sda,start_g2,start_bbic,a,t0,p,rd,sda,g2,bbic
49,0.174,0.29,0.336,0.01,1.875,86.3467401379797,1911.6544136322336,0.173,0.29,0.335,0.011,1.891,91.64270486379142,1913.6541300842493
