subject,start_a,start_t0,start_p,start_rd,start_sda,start_g2,start_bbic,a,t0,p,rd,sda,g2,bbic
507,0.106,0.305,0.654,0.018,1.795,52.52491543462817,1847.1276798182448,0.105,0.304,0.653,0.017,1.836,57.61889473560605,1839.4345087989122
