subject,start_a,start_t0,start_p,start_rd,start_sda,start_g2,start_bbic,a,t0,p,rd,sda,g2,bbic
302,0.061,0.343,0.62,0.017,1.632,86.57087214787188,1952.4809438984382,0.062,0.342,0.669,0.019,1.767,103.94321284261189,1944.213234669664
