subject,start_a,start_t0,start_p,start_rd,start_sda,start_g2,start_bbic,a,t0,p,rd,sda,g2,bbic
259,0.055,0.356,0.47,0.021,1.892,148.76726723632424,2076.329757076077,0.054,0.357,0.456,0.02,1.956,188.77500414043402,2098.3325958696714
