subject,start_a,start_t0,start_p,start_rd,start_sda,start_g2,start_bbic,a,t0,p,rd,sda,g2,bbic
300,0.045,0.324,0.471,0.018,1.855,78.5976052888022,1995.0978123813939,0.045,0.325,0.455,0.019,1.955,97.96861576088388,2001.0871674688556
