subject,start_a,start_t0,start_p,start_rd,start_sda,start_g2,start_bbic,a,t0,p,rd,sda,g2,bbic
113,0.086,0.365,0.577,0.012,1.554,30.707999642699424,1863.2217020496873,0.085,0.365,0.625,0.012,1.627,34.486643152007126,1858.9489481587898
