subject,start_a,start_t0,start_p,start_rd,start_sda,start_g2,start_bbic,a,t0,p,rd,sda,g2,bbic
299,0.108,0.423,0.417,0.017,1.54,26.353031867742203,1823.789080542508,0.107,0.422,0.416,0.016,1.556,37.81271785058971,1822.3570543890328
