subject,start_a,start_t0,start_p,start_rd,start_sda,start_g2,start_bbic,a,t0,p,rd,sda,g2,bbic
424,0.06,0.412,0.386,0.011,1.339,61.64817097751424,1910.097495326778,0.061,0.412,0.4,0.013,1.393,80.68661411467566,1903.1200957065485
