subject,start_a,start_t0,start_p,start_rd,start_sda,start_g2,start_bbic,a,t0,p,rd,sda,g2,bbic
190,0.133,0.253,0.348,0.009,1.833,203.23092515727214,2066.6837703253523,0.107,0.267,0.297,0.009,1.919,170.38894761747855,2019.821949754513
