subject,start_a,start_t0,start_p,start_rd,start_sda,start_g2,start_bbic,a,t0,p,rd,sda,g2,bbic
365,0.072,0.41,0.487,0.07,1.316,84.52213635734272,1898.4475226875086,0.077,0.405,0.513,0.135,1.386,107.13348401477467,1896.590966338736
