subject,start_a,start_t0,start_p,start_rd,start_sda,start_g2,start_bbic,a,t0,p,rd,sda,g2,bbic
494,0.052,0.321,0.471,0.024,1.777,129.62895200068917,2002.737151059086,0.053,0.32,0.504,0.024,1.891,151.98223666384993,2007.658507371532
