subject,start_a,start_t0,start_p,start_rd,start_sda,start_g2,start_bbic,a,t0,p,rd,sda,g2,bbic
556,0.057,0.319,0.596,0.013,1.589,65.94839420794396,1949.8583290047115,0.06,0.318,0.692,0.014,1.719,72.75016661525693,1935.0508538639992
