subject,start_a,start_t0,start_p,start_rd,start_sda,start_g2,start_bbic,a,t0,p,rd,sda,g2,bbic
243,0.07,0.331,0.41,0.01,1.449,77.50075206932257,1926.6619654466567,0.071,0.33,0.476,0.01,1.579,66.46799251377148,1910.0284902328638
