subject,start_a,start_t0,start_p,start_rd,start_sda,start_g2,start_bbic,a,t0,p,rd,sda,g2,bbic
269,0.057,0.355,0.43,0.007,1.257,35.8473277040323,1942.8923241032726,0.058,0.354,0.448,0.007,1.301,44.389770693817745,1946.6494466766806
