subject,start_a,start_t0,start_p,start_rd,start_sda,start_g2,start_bbic,a,t0,p,rd,sda,g2,bbic
251,0.259,0.081,0.348,0.026,1.833,29.270131638297453,1811.138277874071,0.262,0.086,0.35,0.038,1.919,38.32100054998704,1820.380683053768
