subject,start_a,start_t0,start_p,start_rd,start_sda,start_g2,start_bbic,a,t0,p,rd,sda,g2,bbic
493,0.056,0.357,0.454,0.02,1.412,87.92273659028785,1982.4228744468182,0.05,0.371,0.435,0.035,1.504,117.23771399670845,1986.5059395942794
