subject,start_a,start_t0,start_p,start_rd,start_sda,start_g2,start_bbic,a,t0,p,rd,sda,g2,bbic
205,0.07,0.303,0.473,0.02,1.699,169.6055631259996,2096.065951033675,0.068,0.3,0.479,0.02,1.714,217.35195072945444,2087.1460781593114
