subject,start_a,start_t0,start_p,start_rd,start_sda,start_g2,start_bbic,a,t0,p,rd,sda,g2,bbic
343,0.091,0.354,0.644,0.01,1.136,17.208947627223534,1814.1175519556937,0.093,0.355,0.657,0.012,1.173,25.849454883000544,1808.7958268706675
