subject,start_a,start_t0,start_p,start_rd,start_sda,start_g2,start_bbic,a,t0,p,rd,sda,g2,bbic
49,0.126,0.411,0.484,0.005,1.202,57.05500296210106,1854.932172826254,0.126,0.411,0.484,0.005,1.212,61.5041456621814,1849.4809927637725
