subject,start_a,start_t0,start_p,start_rd,start_sda,start_g2,start_bbic,a,t0,p,rd,sda,g2,bbic
422,0.064,0.405,0.345,0.018,1.65,194.56196674441057,2267.1634878108653,0.064,0.405,0.298,0.018,1.757,225.96507691771464,2118.3789223154913
