subject,start_a,start_t0,start_p,start_rd,start_sda,start_g2,start_bbic,a,t0,p,rd,sda,g2,bbic
516,0.058,0.434,0.417,0.022,1.477,40.050068795610606,1878.931475911903,0.058,0.433,0.433,0.022,1.558,58.712381164101345,1885.5886683194099
