subject,start_a,start_t0,start_p,start_rd,start_sda,start_g2,start_bbic,a,t0,p,rd,sda,g2,bbic
71,0.071,0.483,0.355,0.018,1.394,53.239511356739065,1892.6274090834256,0.072,0.478,0.359,0.015,1.483,67.61117617039122,1894.6444995698996
