subject,start_a,start_t0,start_p,start_rd,start_sda,start_g2,start_bbic,a,t0,p,rd,sda,g2,bbic
127,0.081,0.361,0.507,0.017,1.812,52.02154643444846,1877.7964683288742,0.081,0.361,0.512,0.017,1.893,58.37476229092404,1883.494233060756
