subject,start_a,start_t0,start_p,start_rd,start_sda,start_g2,start_bbic,a,t0,p,rd,sda,g2,bbic
362,0.077,0.393,0.442,0.016,1.839,92.12066926639731,1959.3438152117844,0.078,0.393,0.501,0.016,1.985,106.13719603641313,1951.1681098096803
