subject,start_a,start_t0,start_p,start_rd,start_sda,start_g2,start_bbic,a,t0,p,rd,sda,g2,bbic
99,0.083,0.399,0.339,0.01,1.487,142.98747420231217,2096.5582989316454,0.082,0.398,0.326,0.009,1.634,147.03216280292634,2079.5787481000043
