subject,start_a,start_t0,start_p,start_rd,start_sda,start_g2,start_bbic,a,t0,p,rd,sda,g2,bbic
121,0.057,0.315,0.444,0.015,1.933,22.414817212780488,1901.2316649421016,0.057,0.316,0.472,0.017,2.002,28.457916356136785,1889.930248011089
