subject,start_a,start_t0,start_p,start_rd,start_sda,start_g2,start_bbic,a,t0,p,rd,sda,g2,bbic
103,0.141,0.3,0.836,0.018,1.163,74.09364636318942,1891.303574700886,0.136,0.304,0.864,0.017,1.244,78.65102227620156,1872.5574246523602
