subject,start_a,start_t0,start_p,start_rd,start_sda,start_g2,start_bbic,a,t0,p,rd,sda,g2,bbic
263,0.056,0.334,0.417,0.02,1.826,48.42704429305657,1905.507269729179,0.058,0.337,0.43,0.022,1.921,56.16972224535566,1911.0676713408811
