subject,start_a,start_t0,start_p,start_rd,start_sda,start_g2,start_bbic,a,t0,p,rd,sda,g2,bbic
565,0.071,0.331,0.395,0.032,1.965,137.36163239967453,1971.3275468165393,0.069,0.332,0.4,0.029,2.089,159.71866535686755,1984.7333852024503
