subject,start_a,start_t0,start_p,start_rd,start_sda,start_g2,start_bbic,a,t0,p,rd,sda,g2,bbic
402,0.112,0.307,0.469,0.009,1.664,85.07481133217203,1925.5100787573276,0.114,0.305,0.537,0.008,1.784,74.808921560096593,1903.6941170684352
