subject,start_a,start_t0,start_p,start_rd,start_sda,start_g2,start_bbic,a,t0,p,rd,sda,g2,bbic
335,0.06,0.393,0.408,0.014,1.708,121.12061956788882,2015.4169154711499,0.06,0.392,0.453,0.015,1.841,140.6778684651361,2006.7846878083092
