subject,start_a,start_t0,start_p,start_rd,start_sda,start_g2,start_bbic,a,t0,p,rd,sda,g2,bbic
244,0.066,0.348,0.546,0.011,1.328,124.30684342292562,2003.2286742975348,0.066,0.348,0.536,0.011,1.412,149.0797995962609,1978.990700093757
