subject,start_a,start_t0,start_p,start_rd,start_sda,start_g2,start_bbic,a,t0,p,rd,sda,g2,bbic
248,0.086,0.337,0.481,0.016,1.693,44.63070355399024,1853.6126142576084,0.088,0.339,0.496,0.016,1.755,58.98477718135189,1839.927299588624
