subject,start_a,start_t0,start_p,start_rd,start_sda,start_g2,start_bbic,a,t0,p,rd,sda,g2,bbic
300,0.051,0.345,0.427,0.027,1.882,90.15738643690399,2038.01421333502,0.049,0.347,0.429,0.032,2.019,118.44253866491972,2044.0598836479687
