subject,start_a,start_t0,start_p,start_rd,start_sda,start_g2,start_bbic,a,t0,p,rd,sda,g2,bbic
90,0.128,0.221,0.371,0.003,0.888,86.32121854584858,1930.6431240815675,0.131,0.226,0.396,0.003,0.935,93.15004558159889,1920.5103835362008
