subject,start_a,start_t0,start_p,start_rd,start_sda,start_g2,start_bbic,a,t0,p,rd,sda,g2,bbic
175,0.069,0.335,0.498,0.013,1.591,72.52531196460517,1904.1870839805094,0.072,0.336,0.571,0.015,1.744,76.66951798522837,1903.2263788703856
