subject,start_a,start_t0,start_p,start_rd,start_sda,start_g2,start_bbic,a,t0,p,rd,sda,g2,bbic
524,0.061,0.302,0.512,0.012,1.36,147.1707495363231,2050.980369060357,0.062,0.302,0.538,0.013,1.431,166.17545047157594,2049.20907267152
