subject,start_a,start_t0,start_p,start_rd,start_sda,start_g2,start_bbic,a,t0,p,rd,sda,g2,bbic
308,0.039,0.313,0.155,0.019,1.674,195.08997727100902,2395.355921456911,0.039,0.31,0.12,0.118,1.74,238.23008932026588,2395.84958200682
