subject,start_a,start_t0,start_p,start_rd,start_sda,start_g2,start_bbic,a,t0,p,rd,sda,g2,bbic
305,0.049,0.376,0.463,0.005,0.951,146.7698553249513,2175.411476168943,0.048,0.377,0.44,0.005,1.021,167.8229599462823,2117.8087018399624
