subject,start_a,start_t0,start_p,start_rd,start_sda,start_g2,start_bbic,a,t0,p,rd,sda,g2,bbic
170,0.055,0.372,0.466,0.018,1.925,58.05688912755267,1933.044010567797,0.058,0.364,0.473,0.02,2.046,69.73957584369857,1932.510486171796
