subject,start_a,start_t0,start_p,start_rd,start_sda,start_g2,start_bbic,a,t0,p,rd,sda,g2,bbic
546,0.052,0.375,0.73,0.039,1.922,51.334414288220614,1845.4128405966626,0.056,0.374,0.766,0.048,2.007,57.04609685208234,1841.1138309322364
