subject,start_a,start_t0,start_p,start_rd,start_sda,start_g2,start_bbic,a,t0,p,rd,sda,g2,bbic
415,0.068,0.484,0.708,0.024,1.579,98.3595226349459,1898.811647049755,0.069,0.486,0.741,0.024,1.644,113.25316751165315,1895.1920489196173
