subject,start_a,start_t0,start_p,start_rd,start_sda,start_g2,start_bbic,a,t0,p,rd,sda,g2,bbic
343,0.104,0.266,0.54,0.017,1.241,30.120661974397215,1828.1775386058139,0.105,0.265,0.537,0.016,1.319,41.621918800441826,1825.7791369884928
