subject,start_a,start_t0,start_p,start_rd,start_sda,start_g2,start_bbic,a,t0,p,rd,sda,g2,bbic
406,0.054,0.409,0.528,0.029,1.729,53.407740208265096,1931.3717138505624,0.054,0.409,0.542,0.029,1.797,77.52816420814132,1947.2766597788416
