subject,start_a,start_t0,start_p,start_rd,start_sda,start_g2,start_bbic,a,t0,p,rd,sda,g2,bbic
21,0.052,0.371,0.677,0.012,1.51,121.97546359400937,2096.7554301134455,0.052,0.371,0.673,0.013,1.591,158.36622518436607,2066.556332845357
