subject,start_a,start_t0,start_p,start_rd,start_sda,start_g2,start_bbic,a,t0,p,rd,sda,g2,bbic
406,0.057,0.457,0.58,0.017,1.498,47.338260391250884,1879.8602116539428,0.058,0.457,0.57,0.018,1.533,56.41527348355437,1877.4756389337842
