subject,start_a,start_t0,start_p,start_rd,start_sda,start_g2,start_bbic,a,t0,p,rd,sda,g2,bbic
130,0.079,0.406,0.709,0.021,1.613,31.214088383019465,1834.3570472135857,0.081,0.403,0.754,0.022,1.661,27.506808782545885,1813.5075151212116
