subject,start_a,start_t0,start_p,start_rd,start_sda,start_g2,start_bbic,a,t0,p,rd,sda,g2,bbic
280,0.07,0.33,0.566,0.015,1.63,89.91935668354849,1935.3711215356477,0.071,0.333,0.639,0.017,1.77,92.1480435945437,1914.3999295165922
