subject,start_a,start_t0,start_p,start_rd,start_sda,start_g2,start_bbic,a,t0,p,rd,sda,g2,bbic
295,0.212,0.279,0.895,0.02,1.819,21.58561570304456,1802.8371528758778,0.214,0.277,0.893,0.021,1.865,31.649426847477027,1812.113161126613
