subject,start_a,start_t0,start_p,start_rd,start_sda,start_g2,start_bbic,a,t0,p,rd,sda,g2,bbic
286,0.079,0.464,0.44,0.119,1.55,120.4889722691344,1914.4078485521534,0.078,0.464,0.43,0.226,1.58,131.6250081773687,1910.7525085790348
