subject,start_a,start_t0,start_p,start_rd,start_sda,start_g2,start_bbic,a,t0,p,rd,sda,g2,bbic
287,0.082,0.423,0.445,0.071,1.516,95.63355718335171,1888.7675832402288,0.08,0.431,0.449,0.051,1.658,108.86468139857696,1894.0947954177345
