subject,start_a,start_t0,start_p,start_rd,start_sda,start_g2,start_bbic,a,t0,p,rd,sda,g2,bbic
54,0.136,0.369,0.786,0.018,1.836,69.62872377136694,1870.0547112279894,0.137,0.365,0.798,0.019,1.93,76.15205846836517,1861.3565136361667
