subject,start_a,start_t0,start_p,start_rd,start_sda,start_g2,start_bbic,a,t0,p,rd,sda,g2,bbic
378,0.163,0.32,0.558,0.014,1.351,18.73498195055854,1802.2851669665768,0.155,0.326,0.558,0.012,1.402,19.993586291027054,1801.836912473237
