subject,start_a,start_t0,start_p,start_rd,start_sda,start_g2,start_bbic,a,t0,p,rd,sda,g2,bbic
548,0.117,0.434,0.736,0.021,1.352,35.17467615210442,1828.7657704128458,0.116,0.435,0.746,0.021,1.381,52.70695578238649,1832.9337061067974
