subject,start_a,start_t0,start_p,start_rd,start_sda,start_g2,start_bbic,a,t0,p,rd,sda,g2,bbic
170,0.054,0.391,0.56,0.012,1.716,75.74252220576953,1983.751288964257,0.053,0.392,0.502,0.015,1.785,95.45348721546469,1959.9798676156538
