subject,start_a,start_t0,start_p,start_rd,start_sda,start_g2,start_bbic,a,t0,p,rd,sda,g2,bbic
166,0.168,0.308,0.493,0.037,1.466,53.382831519605034,1874.157218610106,0.16,0.331,0.516,0.028,1.531,69.3401301952072,1855.7274140395014
