subject,start_a,start_t0,start_p,start_rd,start_sda,start_g2,start_bbic,a,t0,p,rd,sda,g2,bbic
441,0.133,0.354,0.612,0.008,1.076,146.64094923394146,1964.9879645352707,0.134,0.352,0.667,0.006,1.086,153.1186405758458,1946.2975864600833
