subject,start_a,start_t0,start_p,start_rd,start_sda,start_g2,start_bbic,a,t0,p,rd,sda,g2,bbic
68,0.211,0.274,0.807,0.016,1.462,9.682005554699805,1799.2227889439407,0.201,0.285,0.811,0.018,1.562,18.306645152549216,1801.6325263299811
