subject,start_a,start_t0,start_p,start_rd,start_sda,start_g2,start_bbic,a,t0,p,rd,sda,g2,bbic
470,0.157,0.364,0.833,0.013,1.497,14.153092674869384,1799.448616568442,0.158,0.365,0.852,0.014,1.561,16.418368317593742,1797.29662940167
