subject,start_a,start_t0,start_p,start_rd,start_sda,start_g2,start_bbic,a,t0,p,rd,sda,g2,bbic
486,0.108,0.453,0.417,0.009,1.083,56.99674493059822,1865.6877210966088,0.108,0.458,0.418,0.01,1.108,65.49934537147475,1851.604012135132
