subject,start_a,start_t0,start_p,start_rd,start_sda,start_g2,start_bbic,a,t0,p,rd,sda,g2,bbic
399,0.084,0.349,0.468,0.012,1.626,72.65294461735452,1916.0810351684158,0.083,0.357,0.529,0.013,1.703,82.00526039034388,1906.4281633993194
