subject,start_a,start_t0,start_p,start_rd,start_sda,start_g2,start_bbic,a,t0,p,rd,sda,g2,bbic
184,0.06,0.378,0.481,0.018,1.649,60.754174667919926,1924.4789174308457,0.06,0.378,0.481,0.018,1.661,86.62498206442942,1950.3601091947894
