subject,start_a,start_t0,start_p,start_rd,start_sda,start_g2,start_bbic,a,t0,p,rd,sda,g2,bbic
89,0.245,0.289,0.485,0.031,1.257,41.826916038061405,1857.478983766704,0.247,0.283,0.482,0.019,1.32,52.58690951227062,1837.3944670922215
