subject,start_a,start_t0,start_p,start_rd,start_sda,start_g2,start_bbic,a,t0,p,rd,sda,g2,bbic
6,0.052,0.36,0.456,0.02,1.73,88.2846214195592,2005.0170321570124,0.052,0.359,0.48,0.018,1.87,114.82800000065232,2011.6265591861363
