subject,start_a,start_t0,start_p,start_rd,start_sda,start_g2,start_bbic,a,t0,p,rd,sda,g2,bbic
379,0.103,0.421,0.545,0.018,1.372,58.301231917338086,1848.5818869241882,0.103,0.423,0.551,0.016,1.418,68.86362723191017,1855.5461241152027
