subject,start_a,start_t0,start_p,start_rd,start_sda,start_g2,start_bbic,a,t0,p,rd,sda,g2,bbic
65,0.052,0.347,0.533,0.018,1.564,114.40652125492105,1986.492617804352,0.055,0.345,0.553,0.021,1.625,136.14420920941015,1986.3757000099906
