subject,start_a,start_t0,start_p,start_rd,start_sda,start_g2,start_bbic,a,t0,p,rd,sda,g2,bbic
334,0.05,0.41,0.374,0.028,1.446,164.74121361980522,2100.9651984748953,0.05,0.409,0.417,0.024,1.495,177.9399595816108,2056.7826372179366
