subject,start_a,start_t0,start_p,start_rd,start_sda,start_g2,start_bbic,a,t0,p,rd,sda,g2,bbic
98,0.061,0.406,0.421,0.021,1.456,147.01422017997507,2049.9956411367557,0.058,0.416,0.464,0.016,1.518,165.76841790504017,2032.9431297249841
