subject,start_a,start_t0,start_p,start_rd,start_sda,start_g2,start_bbic,a,t0,p,rd,sda,g2,bbic
114,0.047,0.387,0.064,0.208,1.544,429.4734541809938,2681.3053847106557,0.044,0.393,0.074,0.304,1.514,492.3481165627268,2701.8957171050874
