subject,start_a,start_t0,start_p,start_rd,start_sda,start_g2,start_bbic,a,t0,p,rd,sda,g2,bbic
245,0.179,0.266,0.436,0.007,1.032,134.1298035788925,1975.9486823996433,0.179,0.266,0.436,0.007,1.135,159.09501028620525,1980.3638794979852
