subject,start_a,start_t0,start_p,start_rd,start_sda,start_g2,start_bbic,a,t0,p,rd,sda,g2,bbic
492,0.061,0.303,0.575,0.015,1.803,76.5096631683735,1967.7923726292418,0.059,0.316,0.638,0.017,1.908,87.17551456021269,1948.866334365978
