subject,start_a,start_t0,start_p,start_rd,start_sda,start_g2,start_bbic,a,t0,p,rd,sda,g2,bbic
342,0.059,0.36,0.388,0.012,1.591,105.93887738338108,2000.0430131506491,0.059,0.361,0.443,0.016,1.657,114.30775812821327,1970.5279222922425
