subject,start_a,start_t0,start_p,start_rd,start_sda,start_g2,start_bbic,a,t0,p,rd,sda,g2,bbic
426,0.066,0.342,0.483,0.017,1.563,60.00465156624069,1901.3605174545178,0.066,0.343,0.51,0.017,1.622,83.04346764019034,1904.1240790418465
