subject,start_a,start_t0,start_p,start_rd,start_sda,start_g2,start_bbic,a,t0,p,rd,sda,g2,bbic
254,0.063,0.291,0.83,0.021,1.695,125.25699778314521,2004.1832812353052,0.062,0.293,0.837,0.023,1.767,152.60920027448606,2019.8120560552895
