subject,start_a,start_t0,start_p,start_rd,start_sda,start_g2,start_bbic,a,t0,p,rd,sda,g2,bbic
172,0.086,0.44,0.25,0.083,1.691,171.50210140783952,2130.64377600233,0.083,0.439,0.26,0.014,1.882,138.81593673766338,2004.3623927863655
