subject,start_a,start_t0,start_p,start_rd,start_sda,start_g2,start_bbic,a,t0,p,rd,sda,g2,bbic
105,0.071,0.324,0.567,0.013,1.556,78.9236526941945,1899.279035319663,0.07,0.324,0.64,0.012,1.619,73.10712371362798,1899.3413752463632
