subject,start_a,start_t0,start_p,start_rd,start_sda,start_g2,start_bbic,a,t0,p,rd,sda,g2,bbic
86,0.065,0.403,0.403,0.017,1.763,78.34662814601593,1956.216049636226,0.066,0.403,0.407,0.016,1.802,88.35724199069006,1938.3331292150053
