subject,start_a,start_t0,start_p,start_rd,start_sda,start_g2,start_bbic,a,t0,p,rd,sda,g2,bbic
134,0.07,0.387,0.388,0.039,1.67,72.19385630644396,1871.9934944789702,0.073,0.383,0.442,0.025,1.712,82.32698968477875,1866.2606111526477
