subject,start_a,start_t0,start_p,start_rd,start_sda,start_g2,start_bbic,a,t0,p,rd,sda,g2,bbic
436,0.055,0.332,0.805,0.023,1.719,104.9466755057905,1983.0178267195643,0.052,0.334,0.864,0.024,1.816,112.62899319978062,1977.422887530143
