subject,start_a,start_t0,start_p,start_rd,start_sda,start_g2,start_bbic,a,t0,p,rd,sda,g2,bbic
133,0.07,0.364,0.457,0.021,1.703,31.250059364821624,1865.0446467825404,0.069,0.363,0.466,0.02,1.796,37.75362469812185,1859.3577757100447
