subject,start_a,start_t0,start_p,start_rd,start_sda,start_g2,start_bbic,a,t0,p,rd,sda,g2,bbic
27,0.07,0.42,0.43,0.065,1.187,37.3604517156997,1826.7134358983228,0.072,0.417,0.451,0.095,1.224,54.73763295862984,1835.6408915692655
