subject,start_a,start_t0,start_p,start_rd,start_sda,start_g2,start_bbic,a,t0,p,rd,sda,g2,bbic
522,0.069,0.298,0.433,0.009,1.616,104.76343298394904,2010.5013412585172,0.069,0.298,0.556,0.009,1.646,77.10681823113445,1938.2194012275709
