subject,start_a,start_t0,start_p,start_rd,start_sda,start_g2,start_bbic,a,t0,p,rd,sda,g2,bbic
176,0.053,0.485,0.045,0.198,1.696,123.17458071422352,2399.9921516980835,0.055,0.481,0.046,0.264,1.726,144.98790785169555,2412.98469299509
