subject,start_a,start_t0,start_p,start_rd,start_sda,start_g2,start_bbic,a,t0,p,rd,sda,g2,bbic
309,0.057,0.324,0.585,0.016,1.323,77.57692800383074,1930.4493183308407,0.058,0.325,0.605,0.018,1.37,108.96587005387002,1935.6235523555665
