subject,start_a,start_t0,start_p,start_rd,start_sda,start_g2,start_bbic,a,t0,p,rd,sda,g2,bbic
278,0.08,0.298,0.213,0.084,1.281,271.08854228028014,2187.469156559445,0.081,0.3,0.216,0.014,1.446,277.2350763712481,2150.958897395993
