subject,start_a,start_t0,start_p,start_rd,start_sda,start_g2,start_bbic,a,t0,p,rd,sda,g2,bbic
256,0.054,0.342,0.674,0.023,1.902,64.47714596177859,1914.6073956921562,0.055,0.348,0.702,0.028,1.989,62.153312908853295,1906.4417686924419
