subject,start_a,start_t0,start_p,start_rd,start_sda,start_g2,start_bbic,a,t0,p,rd,sda,g2,bbic
241,0.061,0.367,0.482,0.042,1.719,67.73057836480945,1890.788416554734,0.061,0.368,0.483,0.04,1.87,79.08891964445708,1901.0847196400832
