subject,start_a,start_t0,start_p,start_rd,start_sda,start_g2,start_bbic,a,t0,p,rd,sda,g2,bbic
114,0.056,0.333,0.488,0.012,1.408,111.77017861306233,1988.0463596571099,0.057,0.333,0.569,0.013,1.559,127.03488308630224,1975.924764752649
