subject,start_a,start_t0,start_p,start_rd,start_sda,start_g2,start_bbic,a,t0,p,rd,sda,g2,bbic
407,0.058,0.416,0.386,0.019,1.789,76.64033056577044,1948.7880453537687,0.056,0.417,0.383,0.022,1.935,79.6079628396012,1941.757698263611
