subject,start_a,start_t0,start_p,start_rd,start_sda,start_g2,start_bbic,a,t0,p,rd,sda,g2,bbic
52,0.067,0.384,0.432,0.021,1.664,49.74255524540258,1889.2120497160095,0.068,0.381,0.455,0.019,1.768,59.294507099954835,1886.827180055221
