subject,start_a,start_t0,start_p,start_rd,start_sda,start_g2,start_bbic,a,t0,p,rd,sda,g2,bbic
106,0.06,0.346,0.619,0.014,1.424,164.8298777827735,2087.0315408344045,0.06,0.345,0.681,0.014,1.45,193.0986819464116,2086.981245978103
