subject,start_a,start_t0,start_p,start_rd,start_sda,start_g2,start_bbic,a,t0,p,rd,sda,g2,bbic
3,0.079,0.444,0.43,0.012,1.176,73.60457309840871,1876.624891470793,0.08,0.441,0.418,0.014,1.274,90.40062083917067,1874.172610454598
