subject,start_a,start_t0,start_p,start_rd,start_sda,start_g2,start_bbic,a,t0,p,rd,sda,g2,bbic
203,0.069,0.378,0.423,0.027,1.963,61.377510281716994,1920.139305023364,0.069,0.377,0.422,0.028,2.065,91.80295215285119,1920.0252908232508
