subject,start_a,start_t0,start_p,start_rd,start_sda,start_g2,start_bbic,a,t0,p,rd,sda,g2,bbic
377,0.32,0.128,0.681,0.002,0.79,11.21635102804646,1801.1485269211626,0.326,0.135,0.712,0.002,0.837,13.360590556742563,1815.8955951187345
