subject,start_a,start_t0,start_p,start_rd,start_sda,start_g2,start_bbic,a,t0,p,rd,sda,g2,bbic
136,0.063,0.314,0.601,0.009,1.246,107.10294082718941,2019.631150385593,0.064,0.314,0.626,0.009,1.261,150.70215488266317,2032.0365230574587
