subject,start_a,start_t0,start_p,start_rd,start_sda,start_g2,start_bbic,a,t0,p,rd,sda,g2,bbic
123,0.191,0.264,0.599,0.013,1.438,12.48691515789017,1796.6737993335482,0.192,0.26,0.593,0.014,1.573,16.797720426960577,1798.3644363838437
