subject,start_a,start_t0,start_p,start_rd,start_sda,start_g2,start_bbic,a,t0,p,rd,sda,g2,bbic
272,0.112,0.319,0.726,0.019,1.24,15.755340801892746,1795.2639443791652,0.111,0.318,0.732,0.019,1.313,21.7597980442544,1803.9538844227718
