subject,start_a,start_t0,start_p,start_rd,start_sda,start_g2,start_bbic,a,t0,p,rd,sda,g2,bbic
513,0.08,0.326,0.255,0.019,1.819,81.75435191782674,2012.3922241046957,0.076,0.324,0.26,0.016,1.959,90.42274726867015,1997.6227863900133
