subject,start_a,start_t0,start_p,start_rd,start_sda,start_g2,start_bbic,a,t0,p,rd,sda,g2,bbic
190,0.129,0.279,0.426,0.015,1.785,70.70152823096083,1863.804789072445,0.13,0.275,0.413,0.02,1.843,74.09062406541318,1857.5313221180813
