subject,start_a,start_t0,start_p,start_rd,start_sda,start_g2,start_bbic,a,t0,p,rd,sda,g2,bbic
447,0.058,0.321,0.516,0.014,1.763,63.943539501836156,1933.748306262842,0.058,0.321,0.522,0.014,1.807,77.87586077110662,1940.0918697190589
