subject,start_a,start_t0,start_p,start_rd,start_sda,start_g2,start_bbic,a,t0,p,rd,sda,g2,bbic
459,0.068,0.335,0.46,0.016,1.945,153.75577229521252,2036.178862625955,0.068,0.336,0.521,0.015,2.04,152.86776875905556,2011.0713782676041
