subject,start_a,start_t0,start_p,start_rd,start_sda,start_g2,start_bbic,a,t0,p,rd,sda,g2,bbic
143,0.076,0.416,0.596,0.011,1.782,16.926393083734528,1874.7421636614342,0.08,0.415,0.662,0.012,1.875,17.003292732922684,1872.1908611486783
