subject,start_a,start_t0,start_p,start_rd,start_sda,start_g2,start_bbic,a,t0,p,rd,sda,g2,bbic
469,0.042,0.445,0.482,0.033,1.593,59.875895672592684,1966.1078405754906,0.043,0.447,0.527,0.03,1.663,78.12174289038768,1966.7186551398167
