subject,start_a,start_t0,start_p,start_rd,start_sda,start_g2,start_bbic,a,t0,p,rd,sda,g2,bbic
53,0.051,0.328,0.536,0.017,1.648,123.99644831169736,2063.483534617281,0.051,0.329,0.514,0.019,1.677,141.93673415719965,2038.6133377565134
