subject,start_a,start_t0,start_p,start_rd,start_sda,start_g2,start_bbic,a,t0,p,rd,sda,g2,bbic
188,0.125,0.373,0.465,0.014,1.469,43.26523395795334,1839.94552046631,0.126,0.38,0.491,0.014,1.535,49.00174764472846,1832.1402235608969
