subject,start_a,start_t0,start_p,start_rd,start_sda,start_g2,start_bbic,a,t0,p,rd,sda,g2,bbic
449,0.136,0.333,0.488,0.007,1.13,32.98318378317297,1832.9372456408744,0.135,0.334,0.498,0.006,1.164,32.08852245450169,1815.3241541704776
