subject,start_a,start_t0,start_p,start_rd,start_sda,start_g2,start_bbic,a,t0,p,rd,sda,g2,bbic
472,0.052,0.43,0.356,0.011,0.993,95.07369230918958,1972.3788977558463,0.053,0.426,0.385,0.01,1.033,115.20274186936136,1981.682609751362
