subject,start_a,start_t0,start_p,start_rd,start_sda,start_g2,start_bbic,a,t0,p,rd,sda,g2,bbic
413,0.065,0.299,0.795,0.014,1.443,15.449931661676917,1862.0452914604114,0.065,0.299,0.801,0.014,1.488,22.729375274251666,1849.6384345002623
