subject,start_a,start_t0,start_p,start_rd,start_sda,start_g2,start_bbic,a,t0,p,rd,sda,g2,bbic
303,0.115,0.289,0.659,0.008,1.112,38.89545661629643,1834.2092004111778,0.118,0.29,0.688,0.01,1.203,53.9187263086425,1839.4552776150222
