subject,start_a,start_t0,start_p,start_rd,start_sda,start_g2,start_bbic,a,t0,p,rd,sda,g2,bbic
490,0.147,0.294,0.747,0.019,1.496,26.123294197083585,1817.0764303023036,0.143,0.298,0.743,0.019,1.566,38.91730409427286,1820.0570539799191
