subject,start_a,start_t0,start_p,start_rd,start_sda,start_g2,start_bbic,a,t0,p,rd,sda,g2,bbic
325,0.149,0.286,0.66,0.01,1.052,167.665248082143,1985.410224603762,0.155,0.285,0.752,0.009,1.171,155.2239109370159,1948.4992231448512
