subject,start_a,start_t0,start_p,start_rd,start_sda,start_g2,start_bbic,a,t0,p,rd,sda,g2,bbic
322,0.071,0.318,0.442,0.02,1.664,106.30999673352402,1974.6259144041944,0.068,0.321,0.426,0.019,1.709,148.2416296085854,1996.8258168700213
