subject,start_a,start_t0,start_p,start_rd,start_sda,start_g2,start_bbic,a,t0,p,rd,sda,g2,bbic
24,0.07,0.355,0.483,0.02,1.906,73.31517928010334,1952.3388058475896,0.063,0.359,0.454,0.021,2.002,89.50978984818381,1964.8579101949517
