subject,start_a,start_t0,start_p,start_rd,start_sda,start_g2,start_bbic,a,t0,p,rd,sda,g2,bbic
315,0.055,0.329,0.3,0.026,1.78,194.2620435229902,2150.9748776624624,0.054,0.329,0.297,0.027,1.869,230.89375007764454,2145.5693428862132
