subject,start_a,start_t0,start_p,start_rd,start_sda,start_g2,start_bbic,a,t0,p,rd,sda,g2,bbic
391,0.069,0.322,0.6,0.016,1.911,132.71162473187414,1995.369291782912,0.07,0.32,0.663,0.016,1.98,127.20468558535646,1976.7259190949462
