subject,start_a,start_t0,start_p,start_rd,start_sda,start_g2,start_bbic,a,t0,p,rd,sda,g2,bbic
25,0.076,0.307,0.451,0.014,1.532,62.59180660336958,1930.6560329150157,0.076,0.307,0.451,0.014,1.606,80.91447919334884,1923.3886198142425
