subject,start_a,start_t0,start_p,start_rd,start_sda,start_g2,start_bbic,a,t0,p,rd,sda,g2,bbic
417,0.081,0.385,0.435,0.022,1.665,60.555336888194404,1855.2739082302496,0.084,0.385,0.432,0.021,1.803,76.33959182931969,1863.0205899947302
