subject,start_a,start_t0,start_p,start_rd,start_sda,start_g2,start_bbic,a,t0,p,rd,sda,g2,bbic
434,0.055,0.359,0.383,0.015,1.573,111.79385040561219,2051.185905142321,0.055,0.36,0.406,0.015,1.622,128.48199363359112,2055.6814683634125
