subject,start_a,start_t0,start_p,start_rd,start_sda,start_g2,start_bbic,a,t0,p,rd,sda,g2,bbic
445,0.048,0.348,0.624,0.011,1.387,42.44477953215273,1920.402805925355,0.051,0.349,0.709,0.012,1.42,53.30665854259437,1926.7400665808298
