subject,start_a,start_t0,start_p,start_rd,start_sda,start_g2,start_bbic,a,t0,p,rd,sda,g2,bbic
415,0.157,0.421,0.739,0.025,1.777,24.700883573054313,1819.3288723054802,0.152,0.436,0.771,0.025,1.846,33.97320035242262,1817.5206667101952
