subject,start_a,start_t0,start_p,start_rd,start_sda,start_g2,start_bbic,a,t0,p,rd,sda,g2,bbic
19,0.038,0.312,0.517,0.014,1.729,67.2833864781693,1986.4820573676195,0.038,0.312,0.566,0.014,1.768,78.75561038561035,1983.240369549915
