subject,start_a,start_t0,start_p,start_rd,start_sda,start_g2,start_bbic,a,t0,p,rd,sda,g2,bbic
143,0.111,0.36,0.772,0.013,1.292,46.410593289313745,1846.0753364331356,0.113,0.36,0.855,0.013,1.37,38.25317854055454,1819.936754829577
