subject,start_a,start_t0,start_p,start_rd,start_sda,start_g2,start_bbic,a,t0,p,rd,sda,g2,bbic
78,0.175,0.258,0.767,0.011,1.198,50.62549158006398,1839.8794387000437,0.175,0.258,0.767,0.011,1.197,62.731366625436735,1844.3720115663377
