subject,start_a,start_t0,start_p,start_rd,start_sda,start_g2,start_bbic,a,t0,p,rd,sda,g2,bbic
53,0.054,0.333,0.701,0.023,1.59,63.56138098901595,1890.0693326801872,0.055,0.335,0.754,0.025,1.663,79.07203633563894,1901.6833890915323
