subject,start_a,start_t0,start_p,start_rd,start_sda,start_g2,start_bbic,a,t0,p,rd,sda,g2,bbic
208,0.069,0.354,0.431,0.013,1.792,130.26095820933872,2080.170431629579,0.069,0.354,0.471,0.012,1.803,181.4579732762626,2077.417786069916
