subject,start_a,start_t0,start_p,start_rd,start_sda,start_g2,start_bbic,a,t0,p,rd,sda,g2,bbic
97,0.049,0.355,0.427,0.01,1.616,125.63970892848695,2102.6182788292435,0.05,0.352,0.435,0.01,1.68,149.47251747766504,2123.3760765589345
