subject,start_a,start_t0,start_p,start_rd,start_sda,start_g2,start_bbic,a,t0,p,rd,sda,g2,bbic
247,0.07,0.38,0.514,0.025,1.941,81.97498549673783,1933.743234787549,0.069,0.382,0.543,0.025,2.041,92.79307962784033,1918.6889382367092
