subject,start_a,start_t0,start_p,start_rd,start_sda,start_g2,start_bbic,a,t0,p,rd,sda,g2,bbic
517,0.064,0.297,0.542,0.017,1.912,129.62439314123364,2000.5925795616954,0.065,0.303,0.562,0.02,2.134,150.6888954516886,2008.2813213952202
