subject,start_a,start_t0,start_p,start_rd,start_sda,start_g2,start_bbic,a,t0,p,rd,sda,g2,bbic
37,0.111,0.344,0.756,0.014,1.554,43.43583773960337,1832.7827193676221,0.137,0.34,0.895,0.019,1.783,36.555700101145355,1823.479620768119
