subject,start_a,start_t0,start_p,start_rd,start_sda,start_g2,start_bbic,a,t0,p,rd,sda,g2,bbic
499,0.115,0.244,0.66,0.019,1.506,69.34183309848547,1875.0993109214962,0.117,0.246,0.673,0.021,1.553,94.00312518614696,1876.0092660833825
