subject,start_a,start_t0,start_p,start_rd,start_sda,start_g2,start_bbic,a,t0,p,rd,sda,g2,bbic
166,0.088,0.436,0.532,0.022,1.672,49.97416304503353,1847.5022457718983,0.088,0.436,0.534,0.02,1.688,69.49166710459677,1855.5116694725348
