subject,start_a,start_t0,start_p,start_rd,start_sda,start_g2,start_bbic,a,t0,p,rd,sda,g2,bbic
175,0.101,0.265,0.155,0.157,1.315,195.5530157897427,2127.335800472558,0.099,0.26,0.15,0.218,1.344,232.2452665223227,2113.0629553925437
