subject,start_a,start_t0,start_p,start_rd,start_sda,start_g2,start_bbic,a,t0,p,rd,sda,g2,bbic
496,0.06,0.362,0.557,0.019,1.939,116.56462725743154,1959.9135505016945,0.063,0.36,0.578,0.022,2.055,132.88847185950573,1966.393037532135
