subject,start_a,start_t0,start_p,start_rd,start_sda,start_g2,start_bbic,a,t0,p,rd,sda,g2,bbic
423,0.078,0.383,0.241,0.009,1.391,1368.186987325851,3195.4695614817097,0.079,0.381,0.253,0.01,1.466,1365.7182032253854,3188.7374277913145
