subject,start_a,start_t0,start_p,start_rd,start_sda,start_g2,start_bbic,a,t0,p,rd,sda,g2,bbic
178,0.046,0.318,0.667,0.024,1.479,58.18302168431724,1953.7305569657105,0.045,0.318,0.687,0.023,1.542,75.97475188344342,1960.4476899369486
