subject,start_a,start_t0,start_p,start_rd,start_sda,start_g2,start_bbic,a,t0,p,rd,sda,g2,bbic
407,0.08,0.312,0.378,0.013,1.585,142.4212621438779,2001.6112783560386,0.079,0.312,0.377,0.013,1.617,166.7621854309687,1995.7276290868404
