subject,start_a,start_t0,start_p,start_rd,start_sda,start_g2,start_bbic,a,t0,p,rd,sda,g2,bbic
97,0.051,0.352,0.507,0.01,1.589,26.00992487824636,1936.9188926817453,0.052,0.352,0.505,0.012,1.692,42.32180075374145,1933.6315265939932
