subject,start_a,start_t0,start_p,start_rd,start_sda,start_g2,start_bbic,a,t0,p,rd,sda,g2,bbic
176,0.115,0.1,0.094,0.003,1.95,345.09979974202906,2411.267542992696,0.115,0.275,0.094,0.003,2.012,330.6725237872041,2340.273994623422
