subject,start_a,start_t0,start_p,start_rd,start_sda,start_g2,start_bbic,a,t0,p,rd,sda,g2,bbic
437,0.07,0.362,0.448,0.014,1.902,84.29332395227085,1975.4731623567054,0.069,0.364,0.432,0.015,1.955,99.67380679604915,1971.8791285727702
