subject,start_a,start_t0,start_p,start_rd,start_sda,start_g2,start_bbic,a,t0,p,rd,sda,g2,bbic
269,0.048,0.38,0.445,0.005,1.215,201.68807441272324,2244.476457798227,0.047,0.38,0.639,0.003,0.951,184.68510956590438,2190.61656460436
