subject,start_a,start_t0,start_p,start_rd,start_sda,start_g2,start_bbic,a,t0,p,rd,sda,g2,bbic
431,0.068,0.345,0.282,0.016,1.648,133.24937462067084,2023.5546722570468,0.069,0.336,0.272,0.014,1.817,153.27777656790255,2042.1490029443225
