subject,start_a,start_t0,start_p,start_rd,start_sda,start_g2,start_bbic,a,t0,p,rd,sda,g2,bbic
64,0.041,0.319,0.51,0.01,1.3,83.94206898136578,2043.7450213533034,0.042,0.319,0.548,0.013,1.337,92.90906150740571,2042.4563514631484
