subject,start_a,start_t0,start_p,start_rd,start_sda,start_g2,start_bbic,a,t0,p,rd,sda,g2,bbic
411,0.063,0.383,0.382,0.016,1.65,62.98514440435645,1948.9995252053227,0.063,0.384,0.384,0.017,1.69,73.51043070857898,1939.8613995924982
