subject,start_a,start_t0,start_p,start_rd,start_sda,start_g2,start_bbic,a,t0,p,rd,sda,g2,bbic
471,0.128,0.328,0.714,0.023,1.646,22.38576684125618,1822.7597935303452,0.13,0.326,0.718,0.022,1.662,33.48635496983766,1815.5525731853604
