subject,start_a,start_t0,start_p,start_rd,start_sda,start_g2,start_bbic,a,t0,p,rd,sda,g2,bbic
528,0.06,0.411,0.614,0.014,1.479,22.071830707289685,1871.6870756323563,0.06,0.411,0.612,0.015,1.504,30.701315263840304,1876.6323603392202
