subject,start_a,start_t0,start_p,start_rd,start_sda,start_g2,start_bbic,a,t0,p,rd,sda,g2,bbic
374,0.094,0.343,0.503,0.012,1.813,37.387764614757295,1831.2625289220102,0.101,0.348,0.54,0.014,1.962,49.417443770010415,1835.0571325563644
