subject,start_a,start_t0,start_p,start_rd,start_sda,start_g2,start_bbic,a,t0,p,rd,sda,g2,bbic
78,0.055,0.397,0.463,0.024,1.617,140.89342650389924,1978.2194667271658,0.056,0.398,0.496,0.024,1.667,173.5878660034323,2005.3841677881014
