subject,start_a,start_t0,start_p,start_rd,start_sda,start_g2,start_bbic,a,t0,p,rd,sda,g2,bbic
100,0.089,0.367,0.418,0.024,1.441,173.0619256530081,1964.0682526260907,0.092,0.367,0.412,0.027,1.548,204.9049725667689,1996.3147437330979
