subject,start_a,start_t0,start_p,start_rd,start_sda,start_g2,start_bbic,a,t0,p,rd,sda,g2,bbic
308,0.043,0.279,0.142,0.148,1.317,231.47841133817718,2363.1118418760616,0.041,0.281,0.139,0.224,1.3,265.9170340920451,2400.343992715251
