subject,start_a,start_t0,start_p,start_rd,start_sda,start_g2,start_bbic,a,t0,p,rd,sda,g2,bbic
382,0.21,0.307,0.634,0.017,1.3,13.714535802774357,1803.5032604153794,0.21,0.31,0.636,0.018,1.358,21.306382677215442,1803.666693610241
