subject,start_a,start_t0,start_p,start_rd,start_sda,start_g2,start_bbic,a,t0,p,rd,sda,g2,bbic
331,0.068,0.345,0.453,0.016,1.863,98.97677297848105,1968.78606778694,0.069,0.345,0.522,0.015,1.937,94.45743968301606,1943.5067454770335
