subject,start_a,start_t0,start_p,start_rd,start_sda,start_g2,start_bbic,a,t0,p,rd,sda,g2,bbic
347,0.069,0.33,0.441,0.009,1.321,78.54402982760247,1963.6325981548016,0.068,0.331,0.462,0.009,1.459,115.22282696305312,1972.7503693507738
