subject,start_a,start_t0,start_p,start_rd,start_sda,start_g2,start_bbic,a,t0,p,rd,sda,g2,bbic
564,0.108,0.392,0.217,0.079,1.552,53.82321712208905,1880.9373048094983,0.104,0.377,0.229,0.009,1.522,19.530373454454562,1842.2489020580488
