subject,start_a,start_t0,start_p,start_rd,start_sda,start_g2,start_bbic,a,t0,p,rd,sda,g2,bbic
383,0.066,0.352,0.404,0.024,1.859,33.206040880147164,1875.677232159456,0.067,0.349,0.429,0.021,2.064,41.24843894913052,1884.244775902078
