subject,start_a,start_t0,start_p,start_rd,start_sda,start_g2,start_bbic,a,t0,p,rd,sda,g2,bbic
238,0.103,0.374,0.584,0.029,1.036,22.689517038900384,1822.8580666252303,0.103,0.376,0.594,0.028,1.112,36.12358461493156,1819.0606417241886
