subject,start_a,start_t0,start_p,start_rd,start_sda,start_g2,start_bbic,a,t0,p,rd,sda,g2,bbic
319,0.089,0.37,0.516,0.021,1.226,67.96317767562692,1883.3706287704697,0.09,0.374,0.532,0.019,1.313,72.8873144351077,1854.4638508224791
