subject,start_a,start_t0,start_p,start_rd,start_sda,start_g2,start_bbic,a,t0,p,rd,sda,g2,bbic
358,0.106,0.522,0.531,0.035,1.607,16.573186477188244,1797.2258635262328,0.109,0.526,0.537,0.05,1.69,21.532954942473772,1802.3965554123238
