subject,start_a,start_t0,start_p,start_rd,start_sda,start_g2,start_bbic,a,t0,p,rd,sda,g2,bbic
303,0.075,0.392,0.572,0.032,1.842,52.50959048166784,1846.6259753730258,0.076,0.39,0.598,0.038,1.958,56.570694398552604,1839.4098872141624
