subject,start_a,start_t0,start_p,start_rd,start_sda,start_g2,start_bbic,a,t0,p,rd,sda,g2,bbic
206,0.163,0.244,0.607,0.022,1.981,13.990196088459648,1797.870772947189,0.164,0.253,0.624,0.025,2.037,17.212180306901093,1799.8020668544045
