subject,start_a,start_t0,start_p,start_rd,start_sda,start_g2,start_bbic,a,t0,p,rd,sda,g2,bbic
469,0.059,0.374,0.552,0.037,1.871,99.03098082772671,1931.8493823102974,0.057,0.375,0.552,0.037,1.942,123.86848010146477,1950.9538466983245
