subject,start_a,start_t0,start_p,start_rd,start_sda,start_g2,start_bbic,a,t0,p,rd,sda,g2,bbic
122,0.088,0.325,0.497,0.029,1.796,106.23974505211913,1906.3304685695946,0.081,0.333,0.496,0.028,1.842,118.13290146544425,1905.0387768194114
