subject,start_a,start_t0,start_p,start_rd,start_sda,start_g2,start_bbic,a,t0,p,rd,sda,g2,bbic
21,0.064,0.351,0.704,0.016,1.769,21.00018712784987,1885.552173766187,0.065,0.352,0.736,0.019,1.851,20.68208436789645,1875.6401259970003
