subject,start_a,start_t0,start_p,start_rd,start_sda,start_g2,start_bbic,a,t0,p,rd,sda,g2,bbic
306,0.058,0.339,0.663,0.022,1.775,94.61118687015393,1935.6096983306995,0.058,0.336,0.675,0.022,1.941,96.19545371497884,1923.594260131759
