subject,start_a,start_t0,start_p,start_rd,start_sda,start_g2,start_bbic,a,t0,p,rd,sda,g2,bbic
288,0.084,0.381,0.496,0.006,1.096,59.56784138991252,1921.5958649326521,0.08,0.382,0.531,0.006,1.154,61.25607071895592,1904.0682584697327
