subject,start_a,start_t0,start_p,start_rd,start_sda,start_g2,start_bbic,a,t0,p,rd,sda,g2,bbic
80,0.064,0.318,0.458,0.019,1.788,64.47775521216462,1913.3029268183209,0.065,0.317,0.465,0.018,1.874,77.92480196011309,1921.5278583811114
