subject,start_a,start_t0,start_p,start_rd,start_sda,start_g2,start_bbic,a,t0,p,rd,sda,g2,bbic
183,0.057,0.367,0.471,0.09,1.819,90.82930041036165,1930.1183344222482,0.056,0.369,0.492,0.063,1.92,98.37933572405944,1926.5903622212172
