subject,start_a,start_t0,start_p,start_rd,start_sda,start_g2,start_bbic,a,t0,p,rd,sda,g2,bbic
20,0.057,0.348,0.559,0.017,1.883,38.30612656087759,1959.5977012114247,0.056,0.351,0.526,0.022,2.067,56.98339581604526,1959.413656268431
