subject,start_a,start_t0,start_p,start_rd,start_sda,start_g2,start_bbic,a,t0,p,rd,sda,g2,bbic
205,0.063,0.342,0.34,0.013,1.517,33.28614283093107,1905.8185740032459,0.062,0.349,0.367,0.013,1.681,50.230660179452606,1910.0970212716716
