subject,start_a,start_t0,start_p,start_rd,start_sda,start_g2,start_bbic,a,t0,p,rd,sda,g2,bbic
560,0.086,0.314,0.687,0.02,1.498,63.429220992354445,1847.4804943874371,0.086,0.318,0.799,0.02,1.614,64.9565303462394,1845.2503006546888
