subject,start_a,start_t0,start_p,start_rd,start_sda,start_g2,start_bbic,a,t0,p,rd,sda,g2,bbic
84,0.089,0.348,0.37,0.007,1.188,151.60684390678338,1978.238383125002,0.091,0.347,0.41,0.008,1.253,170.85678787633157,1957.1379186654358
