subject,start_a,start_t0,start_p,start_rd,start_sda,start_g2,start_bbic,a,t0,p,rd,sda,g2,bbic
94,0.057,0.353,0.634,0.014,1.862,39.67654961522999,1902.6288687843526,0.057,0.353,0.625,0.015,1.943,57.47199499585069,1913.783049393975
