subject,start_a,start_t0,start_p,start_rd,start_sda,start_g2,start_bbic,a,t0,p,rd,sda,g2,bbic
75,0.107,0.392,0.462,0.011,1.69,72.11552750185355,1887.1541644011106,0.111,0.395,0.517,0.013,1.803,72.95017429626648,1852.6199902333915
