subject,start_a,start_t0,start_p,start_rd,start_sda,start_g2,start_bbic,a,t0,p,rd,sda,g2,bbic
515,0.056,0.329,0.55,0.017,1.909,105.19843333127875,2048.7119083436423,0.057,0.33,0.578,0.02,1.974,140.4162248729556,2023.2396494611055
