subject,start_a,start_t0,start_p,start_rd,start_sda,start_g2,start_bbic,a,t0,p,rd,sda,g2,bbic
484,0.056,0.338,0.592,0.019,1.841,47.40867223531468,1905.533974901973,0.059,0.334,0.616,0.021,1.914,58.62954642231184,1903.8515176781593
