subject,start_a,start_t0,start_p,start_rd,start_sda,start_g2,start_bbic,a,t0,p,rd,sda,g2,bbic
331,0.063,0.322,0.508,0.016,1.514,51.579182455648585,1927.3003584418175,0.066,0.323,0.538,0.016,1.641,82.70240546004955,1912.8402892753138
