subject,start_a,start_t0,start_p,start_rd,start_sda,start_g2,start_bbic,a,t0,p,rd,sda,g2,bbic
91,0.236,0.238,0.738,0.013,1.443,9.261532328232182,1795.3454318108638,0.238,0.24,0.743,0.014,1.505,15.663765050630445,1798.0737503702173
