subject,start_a,start_t0,start_p,start_rd,start_sda,start_g2,start_bbic,a,t0,p,rd,sda,g2,bbic
426,0.064,0.318,0.466,0.04,1.89,50.541890234659135,1898.324417739614,0.061,0.326,0.485,0.041,2.123,66.79158528478311,1892.502910324288
