subject,start_a,start_t0,start_p,start_rd,start_sda,start_g2,start_bbic,a,t0,p,rd,sda,g2,bbic
358,0.146,0.468,0.535,0.046,1.233,74.6766296104572,1887.4104995098232,0.154,0.469,0.557,0.113,1.317,101.98850255317232,1894.3090050223902
