subject,start_a,start_t0,start_p,start_rd,start_sda,start_g2,start_bbic,a,t0,p,rd,sda,g2,bbic
195,0.057,0.36,0.289,0.012,1.509,141.6041652474014,2177.2614134374917,0.057,0.361,0.279,0.011,1.533,165.6776358265255,2173.6824779193576
