subject,start_a,start_t0,start_p,start_rd,start_sda,start_g2,start_bbic,a,t0,p,rd,sda,g2,bbic
223,0.059,0.414,0.17,0.008,1.785,142.878232842543,2199.6376343642446,0.058,0.414,0.191,0.008,1.814,159.51547977924994,2198.255391922915
