subject,start_a,start_t0,start_p,start_rd,start_sda,start_g2,start_bbic,a,t0,p,rd,sda,g2,bbic
164,0.154,0.288,0.71,0.022,1.375,30.187604388010346,1832.0631312732435,0.154,0.292,0.724,0.026,1.555,45.499696218591886,1827.861640285447
