subject,start_a,start_t0,start_p,start_rd,start_sda,start_g2,start_bbic,a,t0,p,rd,sda,g2,bbic
355,0.188,0.272,0.666,0.014,1.624,30.03504809765159,1825.5112984360699,0.188,0.27,0.661,0.015,1.706,48.46106069400924,1831.3697631249825
