subject,start_a,start_t0,start_p,start_rd,start_sda,start_g2,start_bbic,a,t0,p,rd,sda,g2,bbic
17,0.044,0.379,0.358,0.011,1.428,75.80010859481389,2082.6523805059687,0.044,0.379,0.356,0.011,1.443,84.40570113489225,2084.5597013346146
