subject,start_a,start_t0,start_p,start_rd,start_sda,start_g2,start_bbic,a,t0,p,rd,sda,g2,bbic
104,0.101,0.306,0.562,0.007,0.817,22.77295121856999,1809.618524138577,0.104,0.308,0.571,0.007,0.829,35.34095113587905,1819.930392571424
