subject,start_a,start_t0,start_p,start_rd,start_sda,start_g2,start_bbic,a,t0,p,rd,sda,g2,bbic
198,0.206,0.321,0.691,0.029,1.275,139.18985036374093,1966.06924821071,0.207,0.321,0.69,0.028,1.395,154.89599622345833,1980.438806674525
