subject,start_a,start_t0,start_p,start_rd,start_sda,start_g2,start_bbic,a,t0,p,rd,sda,g2,bbic
25,0.14,0.273,0.575,0.049,1.401,117.5123574747122,1943.9851900726696,0.144,0.274,0.583,0.061,1.427,142.3119049264371,1969.3737596930987
