subject,start_a,start_t0,start_p,start_rd,start_sda,start_g2,start_bbic,a,t0,p,rd,sda,g2,bbic
64,0.053,0.342,0.477,0.012,1.662,71.14723355590476,2014.3828930999043,0.052,0.343,0.467,0.013,1.756,96.55538361404348,2016.5843651974133
