subject,start_a,start_t0,start_p,start_rd,start_sda,start_g2,start_bbic,a,t0,p,rd,sda,g2,bbic
89,0.082,0.379,0.309,0.025,1.649,65.00900143082173,1856.6121797840167,0.081,0.381,0.31,0.024,1.773,77.51855840084451,1861.9943670376074
