subject,start_a,start_t0,start_p,start_rd,start_sda,start_g2,start_bbic,a,t0,p,rd,sda,g2,bbic
194,0.088,0.375,0.275,0.1,1.705,124.46983772293278,1988.1652418021265,0.089,0.375,0.274,0.029,1.839,138.09003189122086,1963.1848636072075
