subject,start_a,start_t0,start_p,start_rd,start_sda,start_g2,start_bbic,a,t0,p,rd,sda,g2,bbic
367,0.065,0.372,0.57,0.017,1.922,69.69867628261737,1934.4309457235672,0.065,0.372,0.579,0.017,1.978,84.72934317855118,1941.670241889824
