subject,start_a,start_t0,start_p,start_rd,start_sda,start_g2,start_bbic,a,t0,p,rd,sda,g2,bbic
543,0.104,0.401,0.504,0.018,0.56,22.11683495652618,1811.337825312964,0.104,0.401,0.503,0.048,0.565,30.30475780902881,1810.0702486997602
