subject,start_a,start_t0,start_p,start_rd,start_sda,start_g2,start_bbic,a,t0,p,rd,sda,g2,bbic
104,0.051,0.331,0.621,0.02,1.834,96.66122493117874,1961.4737330549945,0.053,0.33,0.652,0.026,1.91,120.25059838734816,1964.2355337712204
