subject,start_a,start_t0,start_p,start_rd,start_sda,start_g2,start_bbic,a,t0,p,rd,sda,g2,bbic
461,0.209,0.213,0.458,0.004,1.29,26.763210089964243,1815.6460876724038,0.202,0.209,0.457,0.004,1.309,26.445402931535664,1808.0844656731363
