subject,start_a,start_t0,start_p,start_rd,start_sda,start_g2,start_bbic,a,t0,p,rd,sda,g2,bbic
416,0.061,0.338,0.843,0.014,1.488,109.27719187587019,1975.6972591166116,0.058,0.337,0.873,0.015,1.557,110.71250437771998,1977.381943557166
