subject,start_a,start_t0,start_p,start_rd,start_sda,start_g2,start_bbic,a,t0,p,rd,sda,g2,bbic
115,0.081,0.371,0.353,0.037,1.905,42.12133099239673,1842.1019158703953,0.087,0.365,0.387,0.037,2.01,44.82699739600726,1825.1492065232947
