subject,start_a,start_t0,start_p,start_rd,start_sda,start_g2,start_bbic,a,t0,p,rd,sda,g2,bbic
439,0.075,0.336,0.356,0.016,1.963,96.81460562109169,1969.000881127441,0.073,0.339,0.352,0.017,2.013,118.94527390920365,1975.0246220993758
