subject,start_a,start_t0,start_p,start_rd,start_sda,start_g2,start_bbic,a,t0,p,rd,sda,g2,bbic
340,0.146,0.224,0.146,0.064,1.931,50.482802801510225,1858.13566863946,0.161,0.197,0.162,0.149,1.994,71.35163719979641,1855.1677580903374
