subject,start_a,start_t0,start_p,start_rd,start_sda,start_g2,start_bbic,a,t0,p,rd,sda,g2,bbic
399,0.059,0.419,0.473,0.013,1.449,98.62478636168143,1975.4250159014991,0.061,0.422,0.568,0.01,1.434,105.82124914233783,1973.2411690872946
