subject,start_a,start_t0,start_p,start_rd,start_sda,start_g2,start_bbic,a,t0,p,rd,sda,g2,bbic
299,0.125,0.388,0.5,0.035,1.152,40.253523085727785,1826.199303901283,0.124,0.389,0.501,0.033,1.176,53.454476200642155,1834.4410426701036
