subject,start_a,start_t0,start_p,start_rd,start_sda,start_g2,start_bbic,a,t0,p,rd,sda,g2,bbic
288,0.103,0.387,0.748,0.018,1.272,59.75217225279302,1869.1177239561491,0.103,0.384,0.759,0.02,1.358,81.54479720859932,1871.1262228910791
