subject,start_a,start_t0,start_p,start_rd,start_sda,start_g2,start_bbic,a,t0,p,rd,sda,g2,bbic
242,0.089,0.454,0.467,0.013,1.982,51.40859538150776,1907.8301608957613,0.089,0.455,0.508,0.014,2.087,57.140195961208434,1902.9777097581778
