subject,start_a,start_t0,start_p,start_rd,start_sda,start_g2,start_bbic,a,t0,p,rd,sda,g2,bbic
527,0.099,0.355,0.754,0.024,1.708,59.72151555728221,1865.1519868668795,0.101,0.358,0.775,0.029,1.797,76.09974503461211,1856.0180346258455
