subject,start_a,start_t0,start_p,start_rd,start_sda,start_g2,start_bbic,a,t0,p,rd,sda,g2,bbic
458,0.064,0.306,0.494,0.012,1.724,129.78882109917788,1973.8589306538804,0.065,0.307,0.585,0.013,1.782,107.44651161297406,1962.8856778795448
