subject,start_a,start_t0,start_p,start_rd,start_sda,start_g2,start_bbic,a,t0,p,rd,sda,g2,bbic
425,0.056,0.341,0.498,0.02,1.609,97.60784024123504,2013.6782131532084,0.053,0.344,0.495,0.018,1.762,115.159562267981,2016.9508705843737
