subject,start_a,start_t0,start_p,start_rd,start_sda,start_g2,start_bbic,a,t0,p,rd,sda,g2,bbic
467,0.053,0.373,0.398,0.018,1.663,95.81110791247677,1999.4168658029994,0.053,0.372,0.41,0.018,1.764,119.08406704137344,1982.3796506491956
