subject,start_a,start_t0,start_p,start_rd,start_sda,start_g2,start_bbic,a,t0,p,rd,sda,g2,bbic
136,0.05,0.337,0.466,0.021,1.655,173.8154278267263,2104.6013026363958,0.05,0.339,0.457,0.021,1.665,204.8185996887259,2101.04632234507
