subject,start_a,start_t0,start_p,start_rd,start_sda,start_g2,start_bbic,a,t0,p,rd,sda,g2,bbic
67,0.227,0.272,0.639,0.013,1.369,19.967614677648946,1806.53967015301,0.225,0.266,0.629,0.014,1.431,33.90021292650282,1817.3838257616333
