subject,start_a,start_t0,start_p,start_rd,start_sda,start_g2,start_bbic,a,t0,p,rd,sda,g2,bbic
3,0.105,0.392,0.421,0.007,1.312,91.591595969057,1942.8046104862487,0.107,0.392,0.475,0.007,1.341,99.216300561566,1925.4551202257956
