subject,start_a,start_t0,start_p,start_rd,start_sda,start_g2,start_bbic,a,t0,p,rd,sda,g2,bbic
51,0.051,0.295,0.482,0.015,1.888,69.86357624325593,1934.8664316868499,0.056,0.291,0.557,0.015,1.984,80.493993465503,1929.6129398054297
