subject,start_a,start_t0,start_p,start_rd,start_sda,start_g2,start_bbic,a,t0,p,rd,sda,g2,bbic
398,0.065,0.361,0.543,0.016,1.763,117.11601585637598,1964.920264562764,0.065,0.361,0.542,0.017,1.781,139.1967116196127,1986.1671872577651
