subject,start_a,start_t0,start_p,start_rd,start_sda,start_g2,start_bbic,a,t0,p,rd,sda,g2,bbic
517,0.064,0.313,0.754,0.016,1.756,15.98586390597818,1881.7814462703464,0.067,0.314,0.808,0.016,1.801,21.64915168076714,1875.9175118761514
