subject,start_a,start_t0,start_p,start_rd,start_sda,start_g2,start_bbic,a,t0,p,rd,sda,g2,bbic
120,0.063,0.378,0.525,0.02,1.797,97.96472614682277,1961.8516970113235,0.063,0.38,0.569,0.019,1.901,122.09899765275142,1954.384242205808
