subject,start_a,start_t0,start_p,start_rd,start_sda,start_g2,start_bbic,a,t0,p,rd,sda,g2,bbic
388,0.193,0.377,0.765,0.007,1.185,69.68999271260155,1889.800778324156,0.195,0.378,0.797,0.007,1.239,92.57038129224186,1878.2864410824748
