subject,start_a,start_t0,start_p,start_rd,start_sda,start_g2,start_bbic,a,t0,p,rd,sda,g2,bbic
331,0.076,0.336,0.602,0.011,1.594,77.03175838346088,1950.904655609015,0.069,0.338,0.545,0.013,1.77,71.73457522930963,1930.7785034365277
