subject,start_a,start_t0,start_p,start_rd,start_sda,start_g2,start_bbic,a,t0,p,rd,sda,g2,bbic
371,0.092,0.375,0.897,0.012,1.258,35.07802628668829,1834.7221249323268,0.092,0.373,0.895,0.012,1.319,46.22242391603809,1835.603279186508
