subject,start_a,start_t0,start_p,start_rd,start_sda,start_g2,start_bbic,a,t0,p,rd,sda,g2,bbic
14,0.076,0.495,0.511,0.025,1.709,110.13707723490391,1905.8198321034229,0.076,0.494,0.512,0.026,1.788,145.54389258007242,1932.5457639596827
