subject,start_a,start_t0,start_p,start_rd,start_sda,start_g2,start_bbic,a,t0,p,rd,sda,g2,bbic
427,0.056,0.346,0.594,0.021,1.711,188.3906263198125,2043.6176404132761,0.057,0.346,0.661,0.022,1.816,209.24201009710836,2043.6952801926916
