subject,start_a,start_t0,start_p,start_rd,start_sda,start_g2,start_bbic,a,t0,p,rd,sda,g2,bbic
151,0.067,0.339,0.431,0.026,1.877,52.0303250511111,1892.9435430244139,0.068,0.341,0.526,0.024,2.088,46.948698829607196,1873.7981625987
