subject,start_a,start_t0,start_p,start_rd,start_sda,start_g2,start_bbic,a,t0,p,rd,sda,g2,bbic
249,0.196,0.246,0.751,0.028,1.975,48.06414100439171,1841.424240156858,0.194,0.256,0.78,0.032,2.11,61.17005197578892,1849.145817948374
