subject,start_a,start_t0,start_p,start_rd,start_sda,start_g2,start_bbic,a,t0,p,rd,sda,g2,bbic
244,0.063,0.357,0.433,0.017,1.834,141.5776460466026,2025.4410243395907,0.064,0.356,0.462,0.018,2.004,165.1911995495747,2021.9968452784283
