subject,start_a,start_t0,start_p,start_rd,start_sda,start_g2,start_bbic,a,t0,p,rd,sda,g2,bbic
482,0.05,0.365,0.551,0.022,1.638,115.22228003103292,2024.8670894767283,0.05,0.364,0.554,0.022,1.774,132.44001691889684,2000.5237125478895
