subject,start_a,start_t0,start_p,start_rd,start_sda,start_g2,start_bbic,a,t0,p,rd,sda,g2,bbic
438,0.052,0.324,0.639,0.024,1.939,56.47856958928726,1927.5616208050044,0.051,0.325,0.67,0.022,2.026,61.406573520927836,1922.3987371079327
