subject,start_a,start_t0,start_p,start_rd,start_sda,start_g2,start_bbic,a,t0,p,rd,sda,g2,bbic
560,0.073,0.348,0.583,0.024,1.706,97.49084905412094,1932.4239515050945,0.073,0.346,0.628,0.02,1.835,113.86236341886554,1946.6144325445084
