subject,start_a,start_t0,start_p,start_rd,start_sda,start_g2,start_bbic,a,t0,p,rd,sda,g2,bbic
215,0.043,0.342,0.548,0.042,1.94,371.16926162607086,2382.5173782618976,0.047,0.342,0.606,0.041,1.991,455.6475605760464,2397.5692500265914
