subject,start_a,start_t0,start_p,start_rd,start_sda,start_g2,start_bbic,a,t0,p,rd,sda,g2,bbic
6,0.067,0.378,0.556,0.021,1.83,233.8987856396531,2174.4542435158046,0.073,0.367,0.653,0.02,1.861,265.4918051425363,2134.6472010938955
