subject,start_a,start_t0,start_p,start_rd,start_sda,start_g2,start_bbic,a,t0,p,rd,sda,g2,bbic
415,0.099,0.51,0.975,0.013,1.11,25.114399793454176,1809.864566632934,0.1,0.51,0.975,0.014,1.152,34.98233435606136,1819.2678307330345
