subject,start_a,start_t0,start_p,start_rd,start_sda,start_g2,start_bbic,a,t0,p,rd,sda,g2,bbic
343,0.085,0.307,0.541,0.016,1.855,86.85949456629473,1929.1125483928417,0.088,0.313,0.589,0.017,1.987,105.52164363396645,1933.2546152630966
