subject,start_a,start_t0,start_p,start_rd,start_sda,start_g2,start_bbic,a,t0,p,rd,sda,g2,bbic
473,0.091,0.296,0.602,0.014,1.315,49.93056101566623,1842.6867571676546,0.091,0.297,0.603,0.014,1.388,60.72363175665989,1844.209433702421
