subject,start_a,start_t0,start_p,start_rd,start_sda,start_g2,start_bbic,a,t0,p,rd,sda,g2,bbic
555,0.052,0.345,0.676,0.02,1.395,41.98140178438638,1878.6064026974957,0.055,0.346,0.74,0.024,1.497,44.36682279745223,1873.5203829767506
