subject,start_a,start_t0,start_p,start_rd,start_sda,start_g2,start_bbic,a,t0,p,rd,sda,g2,bbic
80,0.071,0.373,0.481,0.014,1.453,52.32458571421082,1890.935861983516,0.071,0.373,0.48,0.014,1.453,67.40703547501437,1891.2846374084365
