subject,start_a,start_t0,start_p,start_rd,start_sda,start_g2,start_bbic,a,t0,p,rd,sda,g2,bbic
394,0.087,0.385,0.519,0.006,1.026,75.82698914732651,1885.3087132916032,0.099,0.394,0.611,0.008,1.175,68.33579094222073,1856.398281648408
