subject,start_a,start_t0,start_p,start_rd,start_sda,start_g2,start_bbic,a,t0,p,rd,sda,g2,bbic
559,0.058,0.369,0.54,0.017,1.857,20.878590512558787,1894.7048094791978,0.058,0.369,0.556,0.017,1.904,35.64554333519135,1890.4989012089693
