subject,start_a,start_t0,start_p,start_rd,start_sda,start_g2,start_bbic,a,t0,p,rd,sda,g2,bbic
413,0.068,0.318,0.626,0.017,1.56,77.180655826762,1915.1134933645244,0.068,0.321,0.663,0.017,1.65,86.60596688262426,1912.780789991818
