subject,start_a,start_t0,start_p,start_rd,start_sda,start_g2,start_bbic,a,t0,p,rd,sda,g2,bbic
37,0.076,0.376,0.482,0.018,1.521,64.30713909175036,1863.0908430460954,0.089,0.358,0.543,0.017,1.645,80.72530303601148,1863.9784202375001
