subject,start_a,start_t0,start_p,start_rd,start_sda,start_g2,start_bbic,a,t0,p,rd,sda,g2,bbic
309,0.049,0.275,0.793,0.018,1.635,31.72660770461741,1888.0317961380936,0.05,0.278,0.882,0.022,1.803,27.031806400430323,1884.1808294319371
