subject,start_a,start_t0,start_p,start_rd,start_sda,start_g2,start_bbic,a,t0,p,rd,sda,g2,bbic
546,0.04,0.405,0.586,0.028,1.727,115.18679733715267,2008.0448448323084,0.04,0.408,0.652,0.029,1.806,127.93400291820198,1982.4767315823683
