subject,start_a,start_t0,start_p,start_rd,start_sda,start_g2,start_bbic,a,t0,p,rd,sda,g2,bbic
480,0.068,0.365,0.605,0.019,1.224,24.8153645030052,1824.248919758259,0.067,0.365,0.624,0.02,1.249,39.907361114468955,1820.8017667032561
