subject,start_a,start_t0,start_p,start_rd,start_sda,start_g2,start_bbic,a,t0,p,rd,sda,g2,bbic
540,0.139,0.359,0.607,0.013,1.459,45.671552799221054,1859.427397682743,0.136,0.362,0.605,0.013,1.543,62.08982199075193,1845.7443319896493
