subject,start_a,start_t0,start_p,start_rd,start_sda,start_g2,start_bbic,a,t0,p,rd,sda,g2,bbic
199,0.065,0.369,0.407,0.024,1.902,45.54248642250723,1896.7961296237618,0.064,0.37,0.403,0.026,1.953,66.68586312917924,1910.135896116187
