subject,start_a,start_t0,start_p,start_rd,start_sda,start_g2,start_bbic,a,t0,p,rd,sda,g2,bbic
173,0.067,0.351,0.728,0.022,1.675,46.405544687530686,1889.217407031027,0.067,0.351,0.781,0.021,1.753,49.21423805454744,1875.7919000292036
