subject,start_a,start_t0,start_p,start_rd,start_sda,start_g2,start_bbic,a,t0,p,rd,sda,g2,bbic
47,0.06,0.404,0.537,0.019,1.736,95.40330238571283,1958.836027673447,0.061,0.403,0.591,0.019,1.813,106.30050871222501,1937.240493124913
