subject,start_a,start_t0,start_p,start_rd,start_sda,start_g2,start_bbic,a,t0,p,rd,sda,g2,bbic
313,0.06,0.402,0.504,0.023,1.685,32.51882160018008,1864.5838248857337,0.062,0.401,0.547,0.026,1.796,36.58969076380355,1863.0807023160985
