subject,start_a,start_t0,start_p,start_rd,start_sda,start_g2,start_bbic,a,t0,p,rd,sda,g2,bbic
239,0.236,0.203,0.737,0.026,1.496,139.3500955615946,1986.406051682618,0.229,0.216,0.733,0.034,1.546,163.60987470474953,1954.2062960280866
