subject,start_a,start_t0,start_p,start_rd,start_sda,start_g2,start_bbic,a,t0,p,rd,sda,g2,bbic
165,0.069,0.351,0.625,0.02,1.498,108.87549510939371,1913.687278150858,0.068,0.355,0.738,0.019,1.581,120.61081309123966,1910.8886229304264
