subject,start_a,start_t0,start_p,start_rd,start_sda,start_g2,start_bbic,a,t0,p,rd,sda,g2,bbic
559,0.089,0.342,0.765,0.017,1.346,41.15196136158279,1843.2294891438212,0.083,0.353,0.79,0.019,1.426,46.94289843615043,1832.2396274168248
