subject,start_a,start_t0,start_p,start_rd,start_sda,start_g2,start_bbic,a,t0,p,rd,sda,g2,bbic
511,0.061,0.367,0.599,0.013,1.942,67.19961239494916,1959.595924973937,0.066,0.365,0.646,0.014,2.034,76.3712338144011,1937.2706967730323
