subject,start_a,start_t0,start_p,start_rd,start_sda,start_g2,start_bbic,a,t0,p,rd,sda,g2,bbic
234,0.075,0.397,0.456,0.01,1.349,89.47510662843102,1959.8499071108495,0.076,0.405,0.48,0.011,1.441,119.99726455189621,1962.7334833487275
