subject,start_a,start_t0,start_p,start_rd,start_sda,start_g2,start_bbic,a,t0,p,rd,sda,g2,bbic
139,0.075,0.323,0.45,0.011,1.769,66.91336544161472,1931.0495774796102,0.074,0.323,0.498,0.011,1.791,63.22254546807301,1918.8765734083586
