subject,start_a,start_t0,start_p,start_rd,start_sda,start_g2,start_bbic,a,t0,p,rd,sda,g2,bbic
449,0.117,0.312,0.578,0.03,1.746,29.922779810917085,1821.7628899119582,0.113,0.315,0.575,0.028,1.896,40.21991791266455,1821.4922742083652
