subject,start_a,start_t0,start_p,start_rd,start_sda,start_g2,start_bbic,a,t0,p,rd,sda,g2,bbic
35,0.054,0.382,0.293,0.024,1.559,163.61543161538881,2159.4200883428653,0.05,0.395,0.31,0.02,1.62,179.9627250408632,2150.630276528859
