subject,start_a,start_t0,start_p,start_rd,start_sda,start_g2,start_bbic,a,t0,p,rd,sda,g2,bbic
72,0.054,0.355,0.67,0.017,1.933,35.6813557304238,1912.0237848771574,0.055,0.356,0.658,0.021,2.182,42.46644293038855,1905.7724337070895
