subject,start_a,start_t0,start_p,start_rd,start_sda,start_g2,start_bbic,a,t0,p,rd,sda,g2,bbic
509,0.065,0.377,0.582,0.019,1.494,51.79283128429188,1888.699569064207,0.066,0.376,0.619,0.02,1.552,74.19076121008813,1899.5571598602592
