subject,start_a,start_t0,start_p,start_rd,start_sda,start_g2,start_bbic,a,t0,p,rd,sda,g2,bbic
487,0.21,0.253,0.662,0.017,1.45,9.816587901959611,1801.1847465602154,0.211,0.252,0.661,0.018,1.504,19.989405557110743,1802.6600329615837
