subject,start_a,start_t0,start_p,start_rd,start_sda,start_g2,start_bbic,a,t0,p,rd,sda,g2,bbic
93,0.069,0.348,0.312,0.046,1.94,80.43989476464188,1934.6976917067284,0.066,0.351,0.317,0.036,2.116,96.79156069577822,1943.078995227823
