subject,start_a,start_t0,start_p,start_rd,start_sda,start_g2,start_bbic,a,t0,p,rd,sda,g2,bbic
419,0.067,0.36,0.583,0.021,1.792,49.19850281568981,1908.7728595476472,0.068,0.357,0.599,0.02,1.868,53.06507191930663,1882.768440262799
