subject,start_a,start_t0,start_p,start_rd,start_sda,start_g2,start_bbic,a,t0,p,rd,sda,g2,bbic
67,0.088,0.392,0.259,0.04,1.248,89.92700409000958,1937.1892787906484,0.084,0.399,0.258,0.012,1.375,76.2670527399362,1900.2495964013376
