subject,start_a,start_t0,start_p,start_rd,start_sda,start_g2,start_bbic,a,t0,p,rd,sda,g2,bbic
99,0.115,0.502,0.165,0.557,1.593,114.2527043339662,2017.6974563324598,0.11,0.521,0.174,0.561,1.663,138.6952385529301,2006.3707740751925
