subject,start_a,start_t0,start_p,start_rd,start_sda,start_g2,start_bbic,a,t0,p,rd,sda,g2,bbic
503,0.149,0.343,0.664,0.019,0.918,48.7582902965453,1847.722329152737,0.153,0.346,0.676,0.035,0.936,64.6246226877639,1849.7440870266691
