subject,start_a,start_t0,start_p,start_rd,start_sda,start_g2,start_bbic,a,t0,p,rd,sda,g2,bbic
95,0.085,0.399,0.28,0.097,1.379,113.61703244921262,2039.655940797874,0.084,0.401,0.26,0.139,1.455,134.0624618887775,2001.4549055423215
