subject,start_a,start_t0,start_p,start_rd,start_sda,start_g2,start_bbic,a,t0,p,rd,sda,g2,bbic
167,0.193,0.313,0.657,0.015,1.396,12.39698506367966,1813.3641986490538,0.193,0.313,0.656,0.015,1.406,25.34200239786975,1807.2167939073881
