subject,start_a,start_t0,start_p,start_rd,start_sda,start_g2,start_bbic,a,t0,p,rd,sda,g2,bbic
518,0.056,0.37,0.398,0.015,1.602,83.96235847553785,2006.669023585298,0.056,0.37,0.411,0.015,1.606,108.71122089331048,2006.7197974167227
