subject,start_a,start_t0,start_p,start_rd,start_sda,start_g2,start_bbic,a,t0,p,rd,sda,g2,bbic
101,0.072,0.505,0.278,0.04,1.48,90.52206164921805,1969.5112654233587,0.072,0.508,0.29,0.026,1.543,104.6671922755516,1970.828126101243
