subject,start_a,start_t0,start_p,start_rd,start_sda,start_g2,start_bbic,a,t0,p,rd,sda,g2,bbic
253,0.068,0.364,0.516,0.015,1.331,121.82070847675436,1976.3734049744587,0.065,0.366,0.5,0.015,1.396,151.25202922299567,1979.4092702935277
