subject,start_a,start_t0,start_p,start_rd,start_sda,start_g2,start_bbic,a,t0,p,rd,sda,g2,bbic
37,0.065,0.358,0.543,0.017,1.772,72.2425607604515,1928.624113851918,0.066,0.354,0.534,0.019,1.87,73.5649245875846,1920.188018919643
