subject,start_a,start_t0,start_p,start_rd,start_sda,start_g2,start_bbic,a,t0,p,rd,sda,g2,bbic
404,0.127,0.303,0.638,0.024,1.541,37.86913431413772,1827.939679920113,0.122,0.304,0.631,0.022,1.639,52.83340103265547,1835.656085665804
