subject,start_a,start_t0,start_p,start_rd,start_sda,start_g2,start_bbic,a,t0,p,rd,sda,g2,bbic
437,0.064,0.43,0.315,0.012,1.376,172.87192313225597,2109.593516770932,0.065,0.428,0.305,0.012,1.454,193.27736835671422,2101.7011879782526
