subject,start_a,start_t0,start_p,start_rd,start_sda,start_g2,start_bbic,a,t0,p,rd,sda,g2,bbic
230,0.09,0.392,0.476,0.023,1.242,45.239929131596405,1837.033506274447,0.091,0.39,0.487,0.02,1.301,59.00802493959249,1838.7366324257468
