subject,start_a,start_t0,start_p,start_rd,start_sda,start_g2,start_bbic,a,t0,p,rd,sda,g2,bbic
150,0.067,0.38,0.202,0.037,1.591,236.2594368282652,2131.648940347889,0.07,0.373,0.213,0.013,1.68,243.56127238045877,2132.5184770051524
