subject,start_a,start_t0,start_p,start_rd,start_sda,start_g2,start_bbic,a,t0,p,rd,sda,g2,bbic
525,0.049,0.34,0.679,0.015,1.64,81.72244636659093,1952.8719174915664,0.049,0.341,0.656,0.018,1.775,91.64608077659547,1946.203632158463
