subject,start_a,start_t0,start_p,start_rd,start_sda,start_g2,start_bbic,a,t0,p,rd,sda,g2,bbic
172,0.159,0.215,0.205,0.01,1.796,79.86481775668436,1886.9347949471141,0.158,0.181,0.209,0.007,1.955,88.22500282208361,1871.785172759751
