subject,start_a,start_t0,start_p,start_rd,start_sda,start_g2,start_bbic,a,t0,p,rd,sda,g2,bbic
544,0.193,0.262,0.831,0.005,0.953,29.544433008990165,1824.0398602179491,0.197,0.262,0.852,0.005,1.003,38.81379538326164,1822.5859200960113
