subject,start_a,start_t0,start_p,start_rd,start_sda,start_g2,start_bbic,a,t0,p,rd,sda,g2,bbic
159,0.058,0.371,0.457,0.016,1.64,86.67145317029008,1954.8743399176983,0.058,0.371,0.465,0.015,1.72,121.60971673083061,1977.456651025362
