subject,start_a,start_t0,start_p,start_rd,start_sda,start_g2,start_bbic,a,t0,p,rd,sda,g2,bbic
312,0.083,0.377,0.434,0.024,1.421,71.32202608913367,1881.574069642879,0.085,0.372,0.44,0.02,1.49,84.01635531013955,1865.9010391096667
