subject,start_a,start_t0,start_p,start_rd,start_sda,start_g2,start_bbic,a,t0,p,rd,sda,g2,bbic
16,0.144,0.278,0.511,0.028,1.949,106.12948446979394,1905.4649098757666,0.146,0.273,0.517,0.027,2.011,113.89063199701594,1894.7076295876495
