subject,start_a,start_t0,start_p,start_rd,start_sda,start_g2,start_bbic,a,t0,p,rd,sda,g2,bbic
552,0.099,0.407,0.552,0.007,1.278,71.47961647629919,1870.588298581481,0.102,0.407,0.634,0.007,1.352,69.59098990825025,1855.7170001950642
