subject,start_a,start_t0,start_p,start_rd,start_sda,start_g2,start_bbic,a,t0,p,rd,sda,g2,bbic
390,0.073,0.414,0.58,0.031,1.707,37.733717917823604,1823.4149826878934,0.077,0.411,0.594,0.037,1.777,48.56009568843734,1835.3283029391228
