subject,start_a,start_t0,start_p,start_rd,start_sda,start_g2,start_bbic,a,t0,p,rd,sda,g2,bbic
119,0.085,0.377,0.323,0.015,1.374,140.98123453234157,1976.9491382421804,0.075,0.404,0.343,0.013,1.405,140.98688617498823,1971.5186870843595
