subject,start_a,start_t0,start_p,start_rd,start_sda,start_g2,start_bbic,a,t0,p,rd,sda,g2,bbic
324,0.144,0.303,0.736,0.033,1.938,26.579729332409034,1827.9088222107832,0.143,0.308,0.734,0.04,2.069,43.235877625495,1824.5893086448896
