subject,start_a,start_t0,start_p,start_rd,start_sda,start_g2,start_bbic,a,t0,p,rd,sda,g2,bbic
81,0.106,0.378,0.495,0.038,1.521,59.953401068974685,1858.8697924570233,0.112,0.372,0.512,0.04,1.587,76.56999466016399,1858.43588229249
