subject,start_a,start_t0,start_p,start_rd,start_sda,start_g2,start_bbic,a,t0,p,rd,sda,g2,bbic
312,0.077,0.347,0.54,0.015,1.239,142.4977632196728,1936.318813590989,0.079,0.346,0.551,0.016,1.272,163.95859072303938,1955.328525480283
