subject,start_a,start_t0,start_p,start_rd,start_sda,start_g2,start_bbic,a,t0,p,rd,sda,g2,bbic
246,0.288,0.151,0.644,0.019,1.522,90.82940102905478,1920.4649770280923,0.286,0.162,0.662,0.019,1.585,94.7136688787167,1920.0695162231834
