subject,start_a,start_t0,start_p,start_rd,start_sda,start_g2,start_bbic,a,t0,p,rd,sda,g2,bbic
344,0.167,0.261,0.566,0.041,1.52,38.49898588587814,1828.349786415066,0.169,0.262,0.574,0.032,1.647,45.33192381345083,1827.2353581192797
