subject,start_a,start_t0,start_p,start_rd,start_sda,start_g2,start_bbic,a,t0,p,rd,sda,g2,bbic
196,0.057,0.351,0.433,0.012,1.631,48.7865964122214,1930.8113595602438,0.057,0.351,0.44,0.012,1.622,67.44044353661474,1929.024729815317
