subject,start_a,start_t0,start_p,start_rd,start_sda,start_g2,start_bbic,a,t0,p,rd,sda,g2,bbic
461,0.098,0.372,0.36,0.012,1.686,51.895520135599575,1892.628123245766,0.098,0.373,0.361,0.013,1.687,70.8807463029017,1894.0459458593893
