subject,start_a,start_t0,start_p,start_rd,start_sda,start_g2,start_bbic,a,t0,p,rd,sda,g2,bbic
200,0.057,0.355,0.506,0.015,1.84,84.60264116542919,2005.7575342129749,0.058,0.347,0.468,0.014,1.939,108.26321400024061,2015.8361339383266
