subject,start_a,start_t0,start_p,start_rd,start_sda,start_g2,start_bbic,a,t0,p,rd,sda,g2,bbic
62,0.065,0.327,0.308,0.014,1.879,199.92910173976145,2168.012941784702,0.062,0.32,0.255,0.019,2.067,221.7869858237358,2171.560681586156
