subject,start_a,start_t0,start_p,start_rd,start_sda,start_g2,start_bbic,a,t0,p,rd,sda,g2,bbic
57,0.071,0.346,0.467,0.025,1.883,123.01135699198468,1964.4228653410255,0.072,0.348,0.513,0.023,2.067,150.22181488607313,1980.4404661382132
