subject,start_a,start_t0,start_p,start_rd,start_sda,start_g2,start_bbic,a,t0,p,rd,sda,g2,bbic
210,0.074,0.34,0.604,0.027,1.936,79.36063135930634,1881.4699813419677,0.074,0.341,0.62,0.029,2.024,108.66349640768422,1899.5380682241541
