subject,start_a,start_t0,start_p,start_rd,start_sda,start_g2,start_bbic,a,t0,p,rd,sda,g2,bbic
304,0.423,0.298,0.266,0.212,1.305,98.81350412468727,1921.212727985415,0.416,0.285,0.265,0.022,1.45,101.52616448285539,1925.292019957061
