subject,start_a,start_t0,start_p,start_rd,start_sda,start_g2,start_bbic,a,t0,p,rd,sda,g2,bbic
310,0.061,0.464,0.469,0.017,1.834,36.735984042413506,1906.5432132255544,0.061,0.464,0.478,0.016,1.925,48.116216146973294,1910.6654501021349
