subject,start_a,start_t0,start_p,start_rd,start_sda,start_g2,start_bbic,a,t0,p,rd,sda,g2,bbic
434,0.069,0.341,0.308,0.04,1.326,176.60883128943198,2083.5351318610815,0.07,0.341,0.319,0.016,1.384,210.25069568313302,2085.4053265267617
