subject,start_a,start_t0,start_p,start_rd,start_sda,start_g2,start_bbic,a,t0,p,rd,sda,g2,bbic
384,0.073,0.311,0.456,0.018,1.743,59.61630465520495,1885.4915864828465,0.073,0.312,0.513,0.018,1.831,62.88911624906869,1887.6368722631005
