subject,start_a,start_t0,start_p,start_rd,start_sda,start_g2,start_bbic,a,t0,p,rd,sda,g2,bbic
241,0.055,0.374,0.55,0.01,1.279,90.21306431059018,1964.3884571318063,0.056,0.374,0.57,0.012,1.323,117.93481184466184,1966.5900177692945
