subject,start_a,start_t0,start_p,start_rd,start_sda,start_g2,start_bbic,a,t0,p,rd,sda,g2,bbic
456,0.081,0.347,0.426,0.029,1.746,85.0150766982995,1891.7073323154764,0.083,0.347,0.467,0.025,1.944,99.61286439331525,1882.8969789683458
