subject,start_a,start_t0,start_p,start_rd,start_sda,start_g2,start_bbic,a,t0,p,rd,sda,g2,bbic
35,0.058,0.449,0.356,0.02,1.655,48.46480720853692,1960.0219342081634,0.057,0.448,0.383,0.017,1.635,64.82912295918958,1954.008007425507
