subject,start_a,start_t0,start_p,start_rd,start_sda,start_g2,start_bbic,a,t0,p,rd,sda,g2,bbic
505,0.072,0.335,0.362,0.017,1.903,58.41044966650302,1895.3744892546024,0.072,0.336,0.365,0.02,1.995,62.88045885289012,1887.9161934149645
