subject,start_a,start_t0,start_p,start_rd,start_sda,start_g2,start_bbic,a,t0,p,rd,sda,g2,bbic
162,0.051,0.375,0.41,0.017,1.691,72.66902090209133,1998.4561519010288,0.05,0.375,0.435,0.016,1.769,89.87397908952533,1996.8923874559955
