subject,start_a,start_t0,start_p,start_rd,start_sda,start_g2,start_bbic,a,t0,p,rd,sda,g2,bbic
196,0.047,0.311,0.47,0.009,1.359,76.78831297287614,2066.0632010561135,0.047,0.311,0.481,0.01,1.404,112.19654700910354,2088.8023400271168
