subject,start_a,start_t0,start_p,start_rd,start_sda,start_g2,start_bbic,a,t0,p,rd,sda,g2,bbic
346,0.077,0.366,0.652,0.005,1.006,42.900125788851724,1836.9029940436797,0.08,0.367,0.669,0.006,1.073,47.408165730435535,1830.0354252045101
