subject,start_a,start_t0,start_p,start_rd,start_sda,start_g2,start_bbic,a,t0,p,rd,sda,g2,bbic
563,0.081,0.319,0.601,0.007,0.895,96.45162702812884,1986.7042367366762,0.08,0.32,0.6,0.007,0.952,131.04699998736265,1975.0855153558566
