subject,start_a,start_t0,start_p,start_rd,start_sda,start_g2,start_bbic,a,t0,p,rd,sda,g2,bbic
70,0.058,0.354,0.462,0.006,1.262,51.7321212494296,1970.0543701390363,0.058,0.354,0.478,0.006,1.189,65.43733367405785,1963.2355629248034
