subject,start_a,start_t0,start_p,start_rd,start_sda,start_g2,start_bbic,a,t0,p,rd,sda,g2,bbic
16,0.237,0.152,0.569,0.016,1.676,93.84663213233623,1904.4134826699697,0.236,0.151,0.588,0.015,1.739,102.85039746138817,1887.8024811842015
