subject,start_a,start_t0,start_p,start_rd,start_sda,start_g2,start_bbic,a,t0,p,rd,sda,g2,bbic
22,0.054,0.352,0.449,0.024,1.314,142.90559165618134,2020.823845252228,0.052,0.354,0.471,0.022,1.397,159.77663083090295,2025.5762195635084
