subject,start_a,start_t0,start_p,start_rd,start_sda,start_g2,start_bbic,a,t0,p,rd,sda,g2,bbic
402,0.06,0.391,0.43,0.013,1.781,121.7064262161427,2008.443785384881,0.06,0.393,0.471,0.014,1.912,143.275251695861,2014.9295802725733
