subject,start_a,start_t0,start_p,start_rd,start_sda,start_g2,start_bbic,a,t0,p,rd,sda,g2,bbic
274,0.059,0.46,0.331,0.023,1.499,178.46968334253594,2013.9031001440528,0.062,0.454,0.343,0.02,1.552,190.21848675568026,2017.1829042751112
