subject,start_a,start_t0,start_p,start_rd,start_sda,start_g2,start_bbic,a,t0,p,rd,sda,g2,bbic
396,0.061,0.431,0.343,0.046,1.665,111.99988567368497,1988.2699319946778,0.06,0.431,0.349,0.034,1.792,129.26949377522794,1994.912285791083
