subject,start_a,start_t0,start_p,start_rd,start_sda,start_g2,start_bbic,a,t0,p,rd,sda,g2,bbic
445,0.051,0.32,0.771,0.009,1.111,89.09686589728749,1977.2816369821514,0.052,0.323,0.742,0.011,1.167,105.04121767123603,1951.1760348434295
