subject,start_a,start_t0,start_p,start_rd,start_sda,start_g2,start_bbic,a,t0,p,rd,sda,g2,bbic
470,0.189,0.3,0.862,0.012,1.181,20.82468560146866,1816.8917309129977,0.191,0.301,0.868,0.013,1.232,36.18301761590841,1820.3664523574041
