subject,start_a,start_t0,start_p,start_rd,start_sda,start_g2,start_bbic,a,t0,p,rd,sda,g2,bbic
466,0.06,0.398,0.175,0.008,1.84,164.95522224163582,2268.801980597768,0.062,0.396,0.138,0.009,2.042,193.259049763032,2268.7848535034873
