subject,start_a,start_t0,start_p,start_rd,start_sda,start_g2,start_bbic,a,t0,p,rd,sda,g2,bbic
454,0.099,0.351,0.645,0.012,1.398,110.12533358914669,1944.9840067766954,0.1,0.353,0.661,0.012,1.449,115.74526458777292,1938.357504877839
