subject,start_a,start_t0,start_p,start_rd,start_sda,start_g2,start_bbic,a,t0,p,rd,sda,g2,bbic
283,0.058,0.364,0.538,0.024,1.476,113.67920088134532,1918.7404339849465,0.059,0.363,0.545,0.025,1.618,136.19881448823065,1920.6328776635614
