subject,start_a,start_t0,start_p,start_rd,start_sda,start_g2,start_bbic,a,t0,p,rd,sda,g2,bbic
118,0.116,0.324,0.491,0.008,1.304,81.01101830830036,1879.9845881480578,0.121,0.325,0.561,0.008,1.427,84.91664981179821,1873.501151667386
