subject,start_a,start_t0,start_p,start_rd,start_sda,start_g2,start_bbic,a,t0,p,rd,sda,g2,bbic
472,0.052,0.41,0.419,0.013,1.37,97.25880126929935,2007.6149729581773,0.052,0.41,0.464,0.013,1.419,117.31625994747412,2005.0324177875834
