subject,start_a,start_t0,start_p,start_rd,start_sda,start_g2,start_bbic,a,t0,p,rd,sda,g2,bbic
378,0.171,0.319,0.595,0.017,1.464,64.6010451749681,1853.9014689603325,0.185,0.299,0.637,0.018,1.683,74.18169876319938,1859.9914818761586
