subject,start_a,start_t0,start_p,start_rd,start_sda,start_g2,start_bbic,a,t0,p,rd,sda,g2,bbic
429,0.085,0.412,0.644,0.027,1.139,37.805549668473176,1833.4113744114284,0.085,0.412,0.646,0.029,1.166,45.583989528105526,1826.4991278034806
