subject,start_a,start_t0,start_p,start_rd,start_sda,start_g2,start_bbic,a,t0,p,rd,sda,g2,bbic
233,0.116,0.341,0.259,0.145,1.248,120.40679683369957,1925.038923090881,0.112,0.346,0.251,0.259,1.267,162.91677968694822,1948.8735374810442
