subject,start_a,start_t0,start_p,start_rd,start_sda,start_g2,start_bbic,a,t0,p,rd,sda,g2,bbic
83,0.064,0.333,0.504,0.034,1.866,89.10861306116426,1909.9670927950754,0.064,0.335,0.506,0.03,2.024,105.49277789258089,1928.8784521024393
