subject,start_a,start_t0,start_p,start_rd,start_sda,start_g2,start_bbic,a,t0,p,rd,sda,g2,bbic
400,0.058,0.372,0.431,0.02,1.849,33.63292949748931,1898.1651777322352,0.057,0.373,0.433,0.021,1.949,44.765921244600776,1898.9253054352146
