subject,start_a,start_t0,start_p,start_rd,start_sda,start_g2,start_bbic,a,t0,p,rd,sda,g2,bbic
28,0.139,0.368,0.881,0.008,1.096,59.32848238817592,1863.943655397466,0.141,0.368,0.919,0.009,1.151,67.861433469774,1855.9235944355703
