subject,start_a,start_t0,start_p,start_rd,start_sda,start_g2,start_bbic,a,t0,p,rd,sda,g2,bbic
175,0.242,0.194,0.829,0.006,0.77,29.07645299348527,1823.791811092531,0.242,0.194,0.841,0.006,0.787,34.90740090876157,1819.2043028905782
