subject,start_a,start_t0,start_p,start_rd,start_sda,start_g2,start_bbic,a,t0,p,rd,sda,g2,bbic
537,0.07,0.321,0.542,0.015,1.815,80.46841293358429,1942.4583399617163,0.072,0.322,0.624,0.016,1.907,89.19182196911254,1935.9071442039556
