subject,start_a,start_t0,start_p,start_rd,start_sda,start_g2,start_bbic,a,t0,p,rd,sda,g2,bbic
26,0.266,0.234,0.555,0.027,1.744,21.367759718266537,1826.2929553377503,0.257,0.238,0.548,0.027,1.907,33.541296418136056,1815.079316565233
