subject,start_a,start_t0,start_p,start_rd,start_sda,start_g2,start_bbic,a,t0,p,rd,sda,g2,bbic
418,0.103,0.364,0.652,0.015,1.859,63.430462605212554,1868.900790474362,0.112,0.369,0.781,0.016,1.955,63.34990334462208,1843.1253415778506
