subject,start_a,start_t0,start_p,start_rd,start_sda,start_g2,start_bbic,a,t0,p,rd,sda,g2,bbic
357,0.051,0.367,0.416,0.013,1.456,167.45209015058788,2064.3838998290134,0.051,0.366,0.451,0.013,1.525,194.13662804735787,2074.215162475707
