subject,start_a,start_t0,start_p,start_rd,start_sda,start_g2,start_bbic,a,t0,p,rd,sda,g2,bbic
448,0.059,0.343,0.496,0.041,1.908,122.61744854078732,1997.5861333317077,0.057,0.345,0.493,0.038,2.063,155.26482151055777,2002.1572678987225
