subject,start_a,start_t0,start_p,start_rd,start_sda,start_g2,start_bbic,a,t0,p,rd,sda,g2,bbic
378,0.156,0.355,0.503,0.011,1.036,79.32768780569585,1892.3792370425351,0.152,0.356,0.5,0.01,1.106,91.99029285016269,1878.339437592536
