subject,start_a,start_t0,start_p,start_rd,start_sda,start_g2,start_bbic,a,t0,p,rd,sda,g2,bbic
467,0.057,0.346,0.52,0.012,1.685,49.12936329030435,1917.9257942511279,0.059,0.345,0.595,0.013,1.789,43.55021302274506,1907.7563156578274
