subject,start_a,start_t0,start_p,start_rd,start_sda,start_g2,start_bbic,a,t0,p,rd,sda,g2,bbic
298,0.063,0.347,0.445,0.018,1.658,118.58238457479008,1960.4859150020302,0.064,0.347,0.464,0.017,1.714,136.1448088011982,1960.2474715294932
