subject,start_a,start_t0,start_p,start_rd,start_sda,start_g2,start_bbic,a,t0,p,rd,sda,g2,bbic
481,0.051,0.43,0.594,0.03,1.839,85.8719608484389,1921.4821572454255,0.055,0.427,0.576,0.035,1.936,103.91685363611445,1929.1445502564047
