subject,start_a,start_t0,start_p,start_rd,start_sda,start_g2,start_bbic,a,t0,p,rd,sda,g2,bbic
145,0.076,0.387,0.63,0.018,1.495,70.77445280958314,1868.1393184172528,0.074,0.387,0.673,0.017,1.53,74.36761665022404,1855.094440834441
