subject,start_a,start_t0,start_p,start_rd,start_sda,start_g2,start_bbic,a,t0,p,rd,sda,g2,bbic
162,0.069,0.35,0.522,0.025,1.929,47.84741866299923,1889.8351638219779,0.066,0.355,0.528,0.027,1.945,60.348821648785375,1887.146057701193
