subject,start_a,start_t0,start_p,start_rd,start_sda,start_g2,start_bbic,a,t0,p,rd,sda,g2,bbic
180,0.1,0.361,0.506,0.012,1.682,30.165538158424603,1821.2996742375494,0.105,0.362,0.525,0.013,1.736,34.243069291349926,1816.1126717473253
