subject,start_a,start_t0,start_p,start_rd,start_sda,start_g2,start_bbic,a,t0,p,rd,sda,g2,bbic
534,0.065,0.353,0.602,0.03,1.803,32.261464616053566,1867.9280318115893,0.063,0.354,0.623,0.028,1.91,49.83674026017546,1873.7075640919168
