subject,start_a,start_t0,start_p,start_rd,start_sda,start_g2,start_bbic,a,t0,p,rd,sda,g2,bbic
126,0.059,0.406,0.475,0.027,1.465,116.84398639826259,2003.7183061580197,0.059,0.406,0.47,0.025,1.583,122.39152586296326,1951.339152196431
