subject,start_a,start_t0,start_p,start_rd,start_sda,start_g2,start_bbic,a,t0,p,rd,sda,g2,bbic
506,0.14,0.291,0.485,0.012,1.55,65.6089389668571,1870.5400621643469,0.14,0.293,0.486,0.012,1.56,74.83154651871374,1858.7999753453817
