subject,start_a,start_t0,start_p,start_rd,start_sda,start_g2,start_bbic,a,t0,p,rd,sda,g2,bbic
412,0.069,0.393,0.354,0.014,1.385,88.72571543934814,1958.4912317804476,0.069,0.393,0.371,0.013,1.434,108.24233686278664,1949.4843513370254
