subject,start_a,start_t0,start_p,start_rd,start_sda,start_g2,start_bbic,a,t0,p,rd,sda,g2,bbic
257,0.059,0.383,0.421,0.033,1.922,118.94626731723311,2020.721504271096,0.058,0.382,0.414,0.027,2.029,151.11330628145296,2022.0195131092805
