subject,start_a,start_t0,start_p,start_rd,start_sda,start_g2,start_bbic,a,t0,p,rd,sda,g2,bbic
453,0.118,0.482,0.726,0.021,1.681,40.93908942116969,1834.9417012482254,0.119,0.481,0.723,0.022,1.74,53.73145133145466,1835.0841327051448
