subject,start_a,start_t0,start_p,start_rd,start_sda,start_g2,start_bbic,a,t0,p,rd,sda,g2,bbic
421,0.1,0.33,0.554,0.002,0.558,44.056082965005345,1827.8731065797367,0.1,0.33,0.561,0.002,0.564,59.624806452568905,1842.5800325539583
