subject,start_a,start_t0,start_p,start_rd,start_sda,start_g2,start_bbic,a,t0,p,rd,sda,g2,bbic
174,0.084,0.323,0.579,0.015,1.582,15.328714824289133,1797.3251630093578,0.085,0.324,0.595,0.017,1.636,23.165596473206772,1802.7941920017377
