subject,start_a,start_t0,start_p,start_rd,start_sda,start_g2,start_bbic,a,t0,p,rd,sda,g2,bbic
268,0.071,0.381,0.405,0.012,1.482,83.693627690888,1945.3683144497304,0.071,0.381,0.43,0.012,1.57,106.18733937907596,1955.9914340035189
