subject,start_a,start_t0,start_p,start_rd,start_sda,start_g2,start_bbic,a,t0,p,rd,sda,g2,bbic
70,0.062,0.374,0.404,0.022,1.871,53.746032044039154,1922.1609664017835,0.061,0.375,0.398,0.025,1.959,77.97154554637486,1946.17909201749
