subject,start_a,start_t0,start_p,start_rd,start_sda,start_g2,start_bbic,a,t0,p,rd,sda,g2,bbic
565,0.074,0.329,0.677,0.017,1.434,19.746274285767914,1817.1505312078561,0.079,0.33,0.725,0.021,1.608,30.99942521759097,1811.3414127940541
