subject,start_a,start_t0,start_p,start_rd,start_sda,start_g2,start_bbic,a,t0,p,rd,sda,g2,bbic
518,0.049,0.366,0.53,0.022,1.841,224.34107605626977,2215.031000599466,0.052,0.363,0.513,0.023,2.012,252.28971071489286,2179.268584057716
