subject,start_a,start_t0,start_p,start_rd,start_sda,start_g2,start_bbic,a,t0,p,rd,sda,g2,bbic
111,0.083,0.355,0.556,0.066,1.853,89.5075379778456,1898.0204050722864,0.082,0.355,0.548,0.07,1.984,115.90944972077598,1906.066665339455
