subject,start_a,start_t0,start_p,start_rd,start_sda,start_g2,start_bbic,a,t0,p,rd,sda,g2,bbic
298,0.051,0.359,0.458,0.022,1.622,60.95098832423726,1932.6444775718755,0.05,0.361,0.47,0.024,1.688,79.08647172977095,1935.53427388407
