subject,start_a,start_t0,start_p,start_rd,start_sda,start_g2,start_bbic,a,t0,p,rd,sda,g2,bbic
560,0.083,0.344,0.561,0.024,1.838,53.634764011515465,1842.8761475384324,0.095,0.33,0.59,0.024,1.916,59.009879176534966,1839.9154061111778
