subject,start_a,start_t0,start_p,start_rd,start_sda,start_g2,start_bbic,a,t0,p,rd,sda,g2,bbic
323,0.061,0.371,0.854,0.027,1.871,16.70504579256005,1850.4580736494577,0.061,0.369,0.853,0.028,1.93,24.81231453057325,1852.3569642669058
