subject,start_a,start_t0,start_p,start_rd,start_sda,start_g2,start_bbic,a,t0,p,rd,sda,g2,bbic
273,0.113,0.33,0.645,0.014,1.39,51.4955607516666,1841.5424214922796,0.115,0.325,0.677,0.013,1.466,60.45874506269841,1843.131579768002
