subject,start_a,start_t0,start_p,start_rd,start_sda,start_g2,start_bbic,a,t0,p,rd,sda,g2,bbic
56,0.059,0.329,0.555,0.028,1.751,49.97249560209163,1898.7641483527352,0.06,0.33,0.608,0.029,1.807,63.0773412426545,1890.297663626901
