subject,start_a,start_t0,start_p,start_rd,start_sda,start_g2,start_bbic,a,t0,p,rd,sda,g2,bbic
228,0.08,0.334,0.506,0.014,1.774,63.055493269988325,1909.9122930506785,0.08,0.334,0.515,0.014,1.918,71.41249453647843,1914.8523535031572
