subject,start_a,start_t0,start_p,start_rd,start_sda,start_g2,start_bbic,a,t0,p,rd,sda,g2,bbic
207,0.086,0.404,0.46,0.012,1.483,85.47822426390859,1925.103794253125,0.085,0.403,0.446,0.012,1.536,98.49706336280747,1931.9480628152066
