subject,start_a,start_t0,start_p,start_rd,start_sda,start_g2,start_bbic,a,t0,p,rd,sda,g2,bbic
48,0.084,0.441,0.473,0.015,1.359,28.58075670707808,1811.5601911583158,0.085,0.44,0.472,0.015,1.465,32.8965825117567,1813.9118606585507
