subject,start_a,start_t0,start_p,start_rd,start_sda,start_g2,start_bbic,a,t0,p,rd,sda,g2,bbic
154,0.072,0.344,0.401,0.019,1.755,81.9370212063537,1951.0348084920902,0.07,0.344,0.392,0.019,1.84,98.64427957923488,1942.3614526884612
