subject,start_a,start_t0,start_p,start_rd,start_sda,start_g2,start_bbic,a,t0,p,rd,sda,g2,bbic
118,0.118,0.377,0.276,0.107,1.588,32.4647410447598,1824.5063522613766,0.118,0.377,0.275,0.036,1.787,42.23654738056492,1821.8858863171938
