subject,start_a,start_t0,start_p,start_rd,start_sda,start_g2,start_bbic,a,t0,p,rd,sda,g2,bbic
103,0.076,0.365,0.685,0.016,1.567,43.50766750442785,1828.5145493338282,0.08,0.368,0.79,0.018,1.686,43.245460019586034,1826.9870826902986
