subject,start_a,start_t0,start_p,start_rd,start_sda,start_g2,start_bbic,a,t0,p,rd,sda,g2,bbic
491,0.036,0.395,0.499,0.016,1.672,91.55800660211658,2084.201125823779,0.036,0.396,0.515,0.018,1.712,117.4953904539121,2086.1377280050006
