subject,start_a,start_t0,start_p,start_rd,start_sda,start_g2,start_bbic,a,t0,p,rd,sda,g2,bbic
147,0.192,0.282,0.506,0.029,1.31,90.19838038838606,1893.1634508511677,0.192,0.282,0.506,0.029,1.369,118.4166101427298,1898.896153077147
