subject,start_a,start_t0,start_p,start_rd,start_sda,start_g2,start_bbic,a,t0,p,rd,sda,g2,bbic
392,0.145,0.323,0.722,0.027,1.594,45.20248557598734,1828.723727737268,0.141,0.327,0.724,0.027,1.685,73.67701484579118,1856.152445875837
