subject,start_a,start_t0,start_p,start_rd,start_sda,start_g2,start_bbic,a,t0,p,rd,sda,g2,bbic
386,0.071,0.351,0.405,0.038,1.785,50.48675831590535,1854.1465582422807,0.071,0.349,0.411,0.046,1.879,66.49284189018475,1846.9991851209895
