subject,start_a,start_t0,start_p,start_rd,start_sda,start_g2,start_bbic,a,t0,p,rd,sda,g2,bbic
328,0.091,0.34,0.65,0.06,1.762,153.94591052913012,1969.2414447101391,0.087,0.342,0.649,0.047,1.89,172.72471717639158,1957.5369987289318
