subject,start_a,start_t0,start_p,start_rd,start_sda,start_g2,start_bbic,a,t0,p,rd,sda,g2,bbic
13,0.092,0.384,0.548,0.016,1.523,38.682765847820896,1825.205167694646,0.093,0.382,0.554,0.016,1.557,49.58704200415695,1836.6416164269908
