subject,start_a,start_t0,start_p,start_rd,start_sda,start_g2,start_bbic,a,t0,p,rd,sda,g2,bbic
206,0.065,0.33,0.463,0.033,1.767,261.0246675702092,2119.8168072074545,0.062,0.33,0.481,0.03,1.841,310.5425787688696,2142.3754564903375
