subject,start_a,start_t0,start_p,start_rd,start_sda,start_g2,start_bbic,a,t0,p,rd,sda,g2,bbic
297,0.049,0.326,0.398,0.003,0.792,69.51281845067251,1982.958494710221,0.049,0.326,0.53,0.002,0.754,50.048894359849925,1945.6925352510837
