subject,start_a,start_t0,start_p,start_rd,start_sda,start_g2,start_bbic,a,t0,p,rd,sda,g2,bbic
21,0.057,0.359,0.631,0.02,1.676,206.03058955747693,2046.2611664031513,0.057,0.359,0.778,0.018,1.757,192.58652984780827,2028.2090761493537
