subject,start_a,start_t0,start_p,start_rd,start_sda,start_g2,start_bbic,a,t0,p,rd,sda,g2,bbic
505,0.091,0.312,0.409,0.014,1.692,102.27079799777569,1952.9450243642393,0.087,0.318,0.408,0.014,1.817,109.19387543395403,1959.9384391107656
