subject,start_a,start_t0,start_p,start_rd,start_sda,start_g2,start_bbic,a,t0,p,rd,sda,g2,bbic
492,0.059,0.322,0.658,0.008,1.455,39.4968212956511,1935.0336115782547,0.056,0.323,0.638,0.009,1.503,44.346169365013004,1936.2536950335566
