subject,start_a,start_t0,start_p,start_rd,start_sda,start_g2,start_bbic,a,t0,p,rd,sda,g2,bbic
315,0.23,0.21,0.682,0.056,1.715,83.98669259777618,1884.7668045256255,0.219,0.214,0.682,0.035,1.836,92.6110450595517,1876.6329909290182
