subject,start_a,start_t0,start_p,start_rd,start_sda,start_g2,start_bbic,a,t0,p,rd,sda,g2,bbic
351,0.067,0.359,0.533,0.017,1.984,22.09602687362581,1869.6642734826669,0.067,0.359,0.538,0.018,2.014,29.01191675028379,1872.5604007604932
