subject,start_a,start_t0,start_p,start_rd,start_sda,start_g2,start_bbic,a,t0,p,rd,sda,g2,bbic
215,0.064,0.343,0.571,0.023,1.869,456.63653343039294,2744.695147036861,0.077,0.345,0.606,0.062,1.92,613.9847503531968,2849.9867484394863
