subject,start_a,start_t0,start_p,start_rd,start_sda,start_g2,start_bbic,a,t0,p,rd,sda,g2,bbic
516,0.063,0.363,0.299,0.031,1.738,312.82953519293625,2271.15883735247,0.063,0.358,0.288,0.019,1.888,356.59180642357563,2284.8943047565062
