subject,start_a,start_t0,start_p,start_rd,start_sda,start_g2,start_bbic,a,t0,p,rd,sda,g2,bbic
329,0.05,0.407,0.357,0.027,1.663,58.18104494058571,1972.055860947458,0.05,0.407,0.357,0.027,1.827,81.45904022122811,1984.8827795273944
