subject,start_a,start_t0,start_p,start_rd,start_sda,start_g2,start_bbic,a,t0,p,rd,sda,g2,bbic
137,0.052,0.326,0.551,0.013,1.174,171.46576761836286,2070.952653475693,0.052,0.326,0.598,0.013,1.226,180.20320444452994,2053.9250948988533
