subject,start_a,start_t0,start_p,start_rd,start_sda,start_g2,start_bbic,a,t0,p,rd,sda,g2,bbic
50,0.117,0.317,0.498,0.013,1.529,55.230213275995936,1835.0713325910458,0.12,0.316,0.499,0.014,1.599,64.40332468759053,1848.6681624534947
