subject,start_a,start_t0,start_p,start_rd,start_sda,start_g2,start_bbic,a,t0,p,rd,sda,g2,bbic
290,0.05,0.43,0.294,0.007,1.103,97.06774788327266,2071.337582104229,0.05,0.43,0.319,0.008,1.146,118.29696374369104,2084.898755593455
