subject,start_a,start_t0,start_p,start_rd,start_sda,start_g2,start_bbic,a,t0,p,rd,sda,g2,bbic
443,0.071,0.369,0.589,0.05,1.892,71.00131417106108,1874.9710322450137,0.074,0.364,0.591,0.043,1.991,108.99231687773903,1900.6442197732226
