subject,start_a,start_t0,start_p,start_rd,start_sda,start_g2,start_bbic,a,t0,p,rd,sda,g2,bbic
130,0.089,0.458,0.705,0.033,1.58,59.371751397282225,1844.1803218391897,0.086,0.46,0.702,0.031,1.646,78.59857310718064,1864.8775468953277
