subject,start_a,start_t0,start_p,start_rd,start_sda,start_g2,start_bbic,a,t0,p,rd,sda,g2,bbic
217,0.072,0.323,0.484,0.011,1.55,108.19185207992388,1972.3267108240068,0.074,0.314,0.455,0.012,1.74,112.93782404929397,1970.5484470433175
