subject,start_a,start_t0,start_p,start_rd,start_sda,start_g2,start_bbic,a,t0,p,rd,sda,g2,bbic
346,0.15,0.316,0.812,0.009,1.183,73.69191794326406,1865.4313039147294,0.154,0.314,0.848,0.009,1.228,84.07244424098589,1866.5283056803355
