subject,start_a,start_t0,start_p,start_rd,start_sda,start_g2,start_bbic,a,t0,p,rd,sda,g2,bbic
282,0.076,0.333,0.465,0.017,1.33,107.34113608535536,1943.1183025759394,0.075,0.333,0.459,0.017,1.407,135.31295543282354,1963.6336864937687
