subject,start_a,start_t0,start_p,start_rd,start_sda,start_g2,start_bbic,a,t0,p,rd,sda,g2,bbic
160,0.083,0.331,0.53,0.014,1.504,96.05159234532884,1902.2512094183792,0.087,0.327,0.606,0.013,1.674,106.15118063960304,1889.1774928811194
