subject,start_a,start_t0,start_p,start_rd,start_sda,start_g2,start_bbic,a,t0,p,rd,sda,g2,bbic
433,0.065,0.432,0.435,0.02,1.788,159.1119275121472,2046.9443254716825,0.063,0.441,0.49,0.022,1.902,184.11127267686734,2047.9092391416991
