subject,start_a,start_t0,start_p,start_rd,start_sda,start_g2,start_bbic,a,t0,p,rd,sda,g2,bbic
351,0.048,0.364,0.542,0.024,1.79,72.801526038225,2006.416541483337,0.048,0.364,0.565,0.024,1.844,103.5051712580809,2000.6986729937562
