subject,start_a,start_t0,start_p,start_rd,start_sda,start_g2,start_bbic,a,t0,p,rd,sda,g2,bbic
117,0.091,0.309,0.512,0.017,1.278,88.80133338427427,1881.2621304127026,0.093,0.307,0.514,0.016,1.381,101.78882681539996,1886.5795958432234
