subject,start_a,start_t0,start_p,start_rd,start_sda,start_g2,start_bbic,a,t0,p,rd,sda,g2,bbic
144,0.109,0.331,0.487,0.016,1.778,34.76371534564685,1869.5364933012088,0.104,0.335,0.503,0.015,1.949,43.41438990100045,1865.9846179855992
