subject,start_a,start_t0,start_p,start_rd,start_sda,start_g2,start_bbic,a,t0,p,rd,sda,g2,bbic
261,0.086,0.372,0.421,0.023,1.751,113.2836488534791,1898.8271757221933,0.084,0.378,0.423,0.024,1.89,117.61293898838593,1898.5297222710835
