subject,start_a,start_t0,start_p,start_rd,start_sda,start_g2,start_bbic,a,t0,p,rd,sda,g2,bbic
522,0.068,0.293,0.476,0.015,1.646,154.71346727345812,2111.4829018034566,0.065,0.295,0.536,0.013,1.707,166.4727538505304,2055.4531394588025
