subject,start_a,start_t0,start_p,start_rd,start_sda,start_g2,start_bbic,a,t0,p,rd,sda,g2,bbic
369,0.066,0.426,0.293,0.092,1.76,61.953534351716144,1940.7841816447417,0.065,0.431,0.28,0.255,1.774,75.85597282495213,1941.5097172697735
