subject,start_a,start_t0,start_p,start_rd,start_sda,start_g2,start_bbic,a,t0,p,rd,sda,g2,bbic
16,0.073,0.377,0.333,0.006,1.704,256.2908037550112,2181.174368392169,0.073,0.377,0.371,0.006,1.726,250.12267096590637,2161.1092265263783
