subject,start_a,start_t0,start_p,start_rd,start_sda,start_g2,start_bbic,a,t0,p,rd,sda,g2,bbic
376,0.05,0.337,0.527,0.016,1.75,92.098074991894,1985.794164211735,0.051,0.338,0.555,0.018,1.855,116.12888164422472,2003.175439929503
