subject,start_a,start_t0,start_p,start_rd,start_sda,start_g2,start_bbic,a,t0,p,rd,sda,g2,bbic
177,0.097,0.371,0.489,0.017,1.694,26.60238211355049,1819.5953695416306,0.097,0.375,0.495,0.019,1.771,35.3913776676267,1817.1601111343036
