subject,start_a,start_t0,start_p,start_rd,start_sda,start_g2,start_bbic,a,t0,p,rd,sda,g2,bbic
126,0.057,0.378,0.579,0.016,1.62,42.039897717893105,1890.6368352371044,0.058,0.379,0.646,0.017,1.697,39.44150006537313,1884.3569288414135
