subject,start_a,start_t0,start_p,start_rd,start_sda,start_g2,start_bbic,a,t0,p,rd,sda,g2,bbic
185,0.058,0.324,0.416,0.017,1.675,152.76721636011453,2027.0931252200598,0.058,0.326,0.472,0.016,1.767,165.26540301790112,2024.762386339959
