subject,start_a,start_t0,start_p,start_rd,start_sda,start_g2,start_bbic,a,t0,p,rd,sda,g2,bbic
213,0.073,0.321,0.682,0.017,1.893,57.89292984856013,1924.2289555658585,0.073,0.323,0.725,0.016,1.953,68.83837799738966,1919.5394696151072
