subject,start_a,start_t0,start_p,start_rd,start_sda,start_g2,start_bbic,a,t0,p,rd,sda,g2,bbic
66,0.067,0.365,0.216,0.058,1.858,153.72389544124775,2075.5292600893326,0.067,0.351,0.221,0.023,2.003,158.0356069185571,2062.2872660316903
