subject,start_a,start_t0,start_p,start_rd,start_sda,start_g2,start_bbic,a,t0,p,rd,sda,g2,bbic
316,0.066,0.418,0.393,0.019,1.293,67.07137704209599,1900.0526083850943,0.067,0.418,0.392,0.019,1.326,87.8766692808758,1914.8597455628585
