subject,start_a,start_t0,start_p,start_rd,start_sda,start_g2,start_bbic,a,t0,p,rd,sda,g2,bbic
459,0.065,0.314,0.491,0.01,1.334,32.01751367628505,1870.7099394366235,0.064,0.322,0.518,0.013,1.412,33.85608656642906,1858.0650783702492
