subject,start_a,start_t0,start_p,start_rd,start_sda,start_g2,start_bbic,a,t0,p,rd,sda,g2,bbic
501,0.082,0.313,0.34,0.079,1.772,150.83165957684864,2023.516545897736,0.078,0.33,0.363,0.029,1.838,148.16663944806078,1975.362897333808
