subject,start_a,start_t0,start_p,start_rd,start_sda,start_g2,start_bbic,a,t0,p,rd,sda,g2,bbic
231,0.12,0.349,0.465,0.019,1.387,20.34304428405816,1808.4736949397238,0.125,0.345,0.478,0.017,1.478,23.0818027769376,1804.3781763041734
