subject,start_a,start_t0,start_p,start_rd,start_sda,start_g2,start_bbic,a,t0,p,rd,sda,g2,bbic
66,0.059,0.349,0.356,0.012,1.402,80.13804098151735,1991.7966249437577,0.059,0.349,0.356,0.012,1.437,110.78023405723444,1994.7662465354178
