subject,start_a,start_t0,start_p,start_rd,start_sda,start_g2,start_bbic,a,t0,p,rd,sda,g2,bbic
246,0.065,0.396,0.566,0.016,1.617,59.16521884083904,1917.7807508945232,0.068,0.395,0.639,0.016,1.686,46.858433580052505,1893.6468315199725
