subject,start_a,start_t0,start_p,start_rd,start_sda,start_g2,start_bbic,a,t0,p,rd,sda,g2,bbic
359,0.044,0.361,0.619,0.02,1.584,21.078613654987873,1896.4272648510628,0.045,0.36,0.645,0.021,1.674,29.483778316363484,1891.2541745710394
