subject,start_a,start_t0,start_p,start_rd,start_sda,start_g2,start_bbic,a,t0,p,rd,sda,g2,bbic
125,0.047,0.344,0.568,0.02,1.733,29.07728480116926,1941.5860517184992,0.046,0.344,0.566,0.02,1.751,42.57144361291845,1940.00135539978
