subject,start_a,start_t0,start_p,start_rd,start_sda,start_g2,start_bbic,a,t0,p,rd,sda,g2,bbic
302,0.06,0.4,0.396,0.022,1.331,132.41558219726133,2022.5459432527289,0.057,0.403,0.397,0.016,1.454,148.94595750880072,2018.8592513890408
