subject,start_a,start_t0,start_p,start_rd,start_sda,start_g2,start_bbic,a,t0,p,rd,sda,g2,bbic
348,0.048,0.371,0.468,0.009,1.104,119.63447052527333,1959.843417877885,0.049,0.369,0.511,0.007,1.049,140.42767464590872,1967.0341432226553
