subject,start_a,start_t0,start_p,start_rd,start_sda,start_g2,start_bbic,a,t0,p,rd,sda,g2,bbic
341,0.112,0.289,0.507,0.019,1.523,220.0194459968295,2084.0085284969923,0.115,0.32,0.569,0.026,1.687,212.5492693036692,2043.6575923397615
