subject,start_a,start_t0,start_p,start_rd,start_sda,start_g2,start_bbic,a,t0,p,rd,sda,g2,bbic
328,0.076,0.332,0.55,0.018,1.835,100.008151346045,1927.8445693058163,0.078,0.33,0.614,0.018,1.962,100.45586618550878,1932.9129234747668
