subject,start_a,start_t0,start_p,start_rd,start_sda,start_g2,start_bbic,a,t0,p,rd,sda,g2,bbic
454,0.054,0.447,0.403,0.038,1.497,95.20406644248916,1979.6851394155547,0.052,0.448,0.407,0.029,1.575,108.94487633531394,1980.6556145320947
