subject,start_a,start_t0,start_p,start_rd,start_sda,start_g2,start_bbic,a,t0,p,rd,sda,g2,bbic
92,0.053,0.368,0.492,0.01,1.429,117.67683763358527,2069.7436624156867,0.056,0.367,0.525,0.012,1.485,135.162975544424,2070.253029657963
