subject,start_a,start_t0,start_p,start_rd,start_sda,start_g2,start_bbic,a,t0,p,rd,sda,g2,bbic
188,0.138,0.364,0.588,0.024,1.5,65.79248549046218,1872.3975363756392,0.129,0.371,0.575,0.024,1.545,83.51403026563915,1870.819901463976
