subject,start_a,start_t0,start_p,start_rd,start_sda,start_g2,start_bbic,a,t0,p,rd,sda,g2,bbic
382,0.096,0.315,0.299,0.162,1.767,57.70417154547967,1853.8879596952422,0.095,0.32,0.297,0.207,1.815,73.76415411020709,1856.8797510554386
