subject,start_a,start_t0,start_p,start_rd,start_sda,start_g2,start_bbic,a,t0,p,rd,sda,g2,bbic
338,0.047,0.345,0.599,0.02,1.7,75.6776403043557,1945.3220629322298,0.05,0.349,0.653,0.023,1.819,90.7778034256135,1941.1630539300538
