subject,start_a,start_t0,start_p,start_rd,start_sda,start_g2,start_bbic,a,t0,p,rd,sda,g2,bbic
314,0.121,0.383,0.394,0.014,1.546,55.81287900921787,1845.5328219031746,0.123,0.387,0.402,0.015,1.644,67.88828724835507,1850.3744367686065
