subject,start_a,start_t0,start_p,start_rd,start_sda,start_g2,start_bbic,a,t0,p,rd,sda,g2,bbic
284,0.111,0.384,0.633,0.024,1.401,21.806281552874058,1813.6495937857378,0.112,0.382,0.634,0.023,1.499,29.797134170140453,1813.4990189715693
