subject,start_a,start_t0,start_p,start_rd,start_sda,start_g2,start_bbic,a,t0,p,rd,sda,g2,bbic
357,0.134,0.295,0.543,0.014,1.185,157.19468433941188,2009.5256619601826,0.131,0.29,0.536,0.014,1.371,174.72680480206574,2000.399745485215
