subject,start_a,start_t0,start_p,start_rd,start_sda,start_g2,start_bbic,a,t0,p,rd,sda,g2,bbic
541,0.152,0.36,0.63,0.017,1.328,24.734490671653443,1819.7317743902768,0.15,0.361,0.625,0.018,1.423,40.60119824821155,1822.0162913587906
