subject,start_a,start_t0,start_p,start_rd,start_sda,start_g2,start_bbic,a,t0,p,rd,sda,g2,bbic
33,0.126,0.353,0.251,0.007,1.507,41.365080550521895,1838.1838989944863,0.126,0.356,0.253,0.008,1.564,54.655879994881474,1836.9195698574845
