subject,start_a,start_t0,start_p,start_rd,start_sda,start_g2,start_bbic,a,t0,p,rd,sda,g2,bbic
96,0.065,0.433,0.411,0.033,1.591,115.31510060635807,1973.5716506688448,0.065,0.426,0.418,0.031,1.723,161.74870222741478,1992.5135715651877
