subject,start_a,start_t0,start_p,start_rd,start_sda,start_g2,start_bbic,a,t0,p,rd,sda,g2,bbic
110,0.059,0.354,0.485,0.017,1.884,154.13575665133988,2065.6548884285703,0.059,0.351,0.552,0.015,1.951,164.09654807082146,2052.2890177878553
