subject,start_a,start_t0,start_p,start_rd,start_sda,start_g2,start_bbic,a,t0,p,rd,sda,g2,bbic
69,0.06,0.384,0.409,0.023,1.572,128.5427929748299,1968.6444842947926,0.059,0.385,0.413,0.02,1.654,141.82426622221342,1972.3465434046373
