subject,start_a,start_t0,start_p,start_rd,start_sda,start_g2,start_bbic,a,t0,p,rd,sda,g2,bbic
157,0.144,0.359,0.642,0.009,1.26,5.196780519000676,1794.1931838418054,0.146,0.36,0.648,0.01,1.313,13.645321705772025,1796.2418285236165
