subject,start_a,start_t0,start_p,start_rd,start_sda,start_g2,start_bbic,a,t0,p,rd,sda,g2,bbic
534,0.07,0.388,0.633,0.02,1.79,55.780869805259535,1900.0438333795553,0.071,0.39,0.683,0.021,1.934,70.08097178711557,1894.969576239209
