subject,start_a,start_t0,start_p,start_rd,start_sda,start_g2,start_bbic,a,t0,p,rd,sda,g2,bbic
93,0.059,0.431,0.277,0.013,1.077,93.53417718122124,2069.0598303868096,0.059,0.43,0.276,0.01,1.149,118.5051056653919,2068.2799413238563
