subject,start_a,start_t0,start_p,start_rd,start_sda,start_g2,start_bbic,a,t0,p,rd,sda,g2,bbic
260,0.091,0.364,0.515,0.033,1.722,126.35029166474135,1926.5417901558171,0.092,0.361,0.536,0.026,1.869,149.1107159559569,1935.1389769317434
