subject,start_a,start_t0,start_p,start_rd,start_sda,start_g2,start_bbic,a,t0,p,rd,sda,g2,bbic
105,0.058,0.363,0.531,0.015,1.484,246.33701194955765,2183.7917584118914,0.062,0.357,0.583,0.015,1.48,264.8417481247828,2133.0893205511143
