subject,start_a,start_t0,start_p,start_rd,start_sda,start_g2,start_bbic,a,t0,p,rd,sda,g2,bbic
7,0.291,0.261,0.965,0.009,1.033,39.46984226283488,1831.2309031427826,0.292,0.263,0.965,0.01,1.067,52.11143191164418,1834.4186151113283
