subject,start_a,start_t0,start_p,start_rd,start_sda,start_g2,start_bbic,a,t0,p,rd,sda,g2,bbic
279,0.051,0.332,0.398,0.016,1.917,53.471965813202516,2012.6598761943167,0.052,0.332,0.415,0.017,2.044,81.21381741459459,2027.5231871955216
