subject,start_a,start_t0,start_p,start_rd,start_sda,start_g2,start_bbic,a,t0,p,rd,sda,g2,bbic
340,0.183,0.319,0.278,0.133,1.593,76.99678072674521,1908.8960500036756,0.19,0.325,0.287,0.067,1.748,96.54831775358804,1884.8938349154837
