subject,start_a,start_t0,start_p,start_rd,start_sda,start_g2,start_bbic,a,t0,p,rd,sda,g2,bbic
221,0.052,0.392,0.451,0.025,1.534,102.55144937022395,1966.2234078262331,0.05,0.394,0.443,0.026,1.607,120.8548705382473,1991.1335671306883
