subject,start_a,start_t0,start_p,start_rd,start_sda,start_g2,start_bbic,a,t0,p,rd,sda,g2,bbic
179,0.085,0.321,0.417,0.021,1.869,112.37255032266812,1946.6300685260162,0.086,0.319,0.423,0.02,1.953,134.59837732721277,1956.9159797799427
