subject,start_a,start_t0,start_p,start_rd,start_sda,start_g2,start_bbic,a,t0,p,rd,sda,g2,bbic
333,0.058,0.361,0.382,0.009,1.306,59.873462299019245,1922.5304725654485,0.058,0.361,0.381,0.009,1.359,80.81342056144015,1938.2413968996555
