subject,start_a,start_t0,start_p,start_rd,start_sda,start_g2,start_bbic,a,t0,p,rd,sda,g2,bbic
201,0.071,0.409,0.293,0.024,1.979,86.76738217412745,1961.5587828973548,0.07,0.41,0.289,0.024,2.072,102.14937985814046,1945.9947891596357
