subject,start_a,start_t0,start_p,start_rd,start_sda,start_g2,start_bbic,a,t0,p,rd,sda,g2,bbic
186,0.058,0.334,0.635,0.014,1.577,74.63218518739366,1925.7670741695222,0.061,0.33,0.649,0.015,1.653,95.79522120796166,1942.4836038307915
