subject,start_a,start_t0,start_p,start_rd,start_sda,start_g2,start_bbic,a,t0,p,rd,sda,g2,bbic
111,0.142,0.335,0.828,0.018,1.603,4.438404744159339,1789.9172499863073,0.144,0.334,0.844,0.019,1.671,7.449277192256529,1788.4583924948388
