subject,start_a,start_t0,start_p,start_rd,start_sda,start_g2,start_bbic,a,t0,p,rd,sda,g2,bbic
147,0.117,0.289,0.336,0.021,1.691,43.44873402885018,1834.4612609817352,0.115,0.29,0.339,0.018,1.817,43.95690246001431,1826.2279139651125
