subject,start_a,start_t0,start_p,start_rd,start_sda,start_g2,start_bbic,a,t0,p,rd,sda,g2,bbic
299,0.122,0.409,0.666,0.011,1.507,72.09220750881907,1872.5935323666579,0.124,0.408,0.681,0.012,1.573,96.98797736286943,1880.966521801336
