subject,start_a,start_t0,start_p,start_rd,start_sda,start_g2,start_bbic,a,t0,p,rd,sda,g2,bbic
335,0.158,0.317,0.698,0.016,1.801,49.20492979613008,1872.651821533057,0.159,0.321,0.758,0.015,1.871,52.53805782267272,1834.4810620830006
