subject,start_a,start_t0,start_p,start_rd,start_sda,start_g2,start_bbic,a,t0,p,rd,sda,g2,bbic
146,0.064,0.35,0.682,0.019,1.958,134.13085951682964,1999.3408316121509,0.063,0.36,0.848,0.02,2.024,88.84101542745776,1943.2275632815201
