subject,start_a,start_t0,start_p,start_rd,start_sda,start_g2,start_bbic,a,t0,p,rd,sda,g2,bbic
228,0.072,0.398,0.523,0.015,1.748,49.30423425997317,1888.5547924901934,0.072,0.398,0.524,0.015,1.747,63.45075926720345,1886.2592161594898
