subject,start_a,start_t0,start_p,start_rd,start_sda,start_g2,start_bbic,a,t0,p,rd,sda,g2,bbic
338,0.054,0.342,0.563,0.013,1.628,50.449782864069235,1920.4097670842118,0.054,0.342,0.569,0.015,1.715,57.975429153119684,1921.7797986839325
