subject,start_a,start_t0,start_p,start_rd,start_sda,start_g2,start_bbic,a,t0,p,rd,sda,g2,bbic
220,0.054,0.465,0.492,0.023,1.848,45.371111667502106,1915.8377450938756,0.055,0.468,0.531,0.028,1.954,53.50867425701129,1923.8539542498881
