subject,start_a,start_t0,start_p,start_rd,start_sda,start_g2,start_bbic,a,t0,p,rd,sda,g2,bbic
229,0.125,0.305,0.77,0.007,0.959,54.31589805376979,1844.8352259548933,0.126,0.305,0.774,0.007,0.974,69.30139073352257,1849.7561224968572
