subject,start_a,start_t0,start_p,start_rd,start_sda,start_g2,start_bbic,a,t0,p,rd,sda,g2,bbic
216,0.117,0.355,0.604,0.026,1.8,32.166013839765945,1823.2731112729284,0.116,0.356,0.606,0.026,1.846,47.905568097512024,1830.8974850674736
