subject,start_a,start_t0,start_p,start_rd,start_sda,start_g2,start_bbic,a,t0,p,rd,sda,g2,bbic
510,0.088,0.323,0.517,0.018,1.405,8.297598071831505,1797.2715120622613,0.09,0.321,0.509,0.019,1.507,20.346235100598765,1802.9216378467186
