subject,start_a,start_t0,start_p,start_rd,start_sda,start_g2,start_bbic,a,t0,p,rd,sda,g2,bbic
12,0.151,0.303,0.739,0.01,1.218,76.33081804133926,1875.2299938241483,0.192,0.296,0.93,0.015,1.479,67.53561793377496,1853.105480855174
