subject,start_a,start_t0,start_p,start_rd,start_sda,start_g2,start_bbic,a,t0,p,rd,sda,g2,bbic
155,0.083,0.336,0.422,0.02,1.887,14.304638809385638,1845.2348055527455,0.082,0.337,0.427,0.019,1.916,26.686507127454576,1849.1778783012037
