subject,start_a,start_t0,start_p,start_rd,start_sda,start_g2,start_bbic,a,t0,p,rd,sda,g2,bbic
465,0.06,0.386,0.462,0.008,1.512,236.3121172354042,2203.00236696041,0.06,0.386,0.469,0.007,1.565,273.9295271973991,2202.103074655055
