subject,start_a,start_t0,start_p,start_rd,start_sda,start_g2,start_bbic,a,t0,p,rd,sda,g2,bbic
414,0.138,0.317,0.669,0.024,1.593,79.0777153836663,1864.1178294289743,0.141,0.316,0.667,0.025,1.702,91.97277709480677,1876.299728618885
