subject,start_a,start_t0,start_p,start_rd,start_sda,start_g2,start_bbic,a,t0,p,rd,sda,g2,bbic
388,0.157,0.399,0.863,0.013,1.159,105.7051740396183,1912.44007418196,0.148,0.405,0.865,0.013,1.238,124.80547668874954,1909.8531955337273
