subject,start_a,start_t0,start_p,start_rd,start_sda,start_g2,start_bbic,a,t0,p,rd,sda,g2,bbic
292,0.071,0.326,0.37,0.012,1.989,61.01411116005521,1993.8177353147014,0.071,0.327,0.342,0.013,2.159,87.87497261186503,1993.0332172667866
