subject,start_a,start_t0,start_p,start_rd,start_sda,start_g2,start_bbic,a,t0,p,rd,sda,g2,bbic
184,0.062,0.33,0.754,0.013,1.465,57.35801981861906,1917.850400060811,0.064,0.33,0.77,0.015,1.529,74.81559325848778,1925.5282898095231
