subject,start_a,start_t0,start_p,start_rd,start_sda,start_g2,start_bbic,a,t0,p,rd,sda,g2,bbic
115,0.055,0.312,0.574,0.019,1.942,115.39093967811891,1985.6413900972534,0.055,0.312,0.579,0.019,2.019,140.27214807144637,2006.7612581910269
