subject,start_a,start_t0,start_p,start_rd,start_sda,start_g2,start_bbic,a,t0,p,rd,sda,g2,bbic
490,0.082,0.345,0.642,0.015,1.447,24.218734184701283,1824.2080033749482,0.083,0.344,0.668,0.016,1.467,34.62654636618576,1816.853419602149
