subject,start_a,start_t0,start_p,start_rd,start_sda,start_g2,start_bbic,a,t0,p,rd,sda,g2,bbic
223,0.083,0.378,0.346,0.015,1.659,36.44482265356429,1868.735068441217,0.083,0.383,0.356,0.015,1.783,43.84066328599004,1867.4913980735448
