subject,start_a,start_t0,start_p,start_rd,start_sda,start_g2,start_bbic,a,t0,p,rd,sda,g2,bbic
101,0.069,0.48,0.254,0.024,1.573,86.40077019088488,1924.2599369318284,0.081,0.452,0.306,0.009,1.183,76.5281679695288,1902.1167655582665
