subject,start_a,start_t0,start_p,start_rd,start_sda,start_g2,start_bbic,a,t0,p,rd,sda,g2,bbic
158,0.105,0.376,0.419,0.012,1.545,49.354140317750876,1885.4224459858017,0.099,0.38,0.411,0.013,1.672,59.64842379482416,1884.3663330678428
