subject,start_a,start_t0,start_p,start_rd,start_sda,start_g2,start_bbic,a,t0,p,rd,sda,g2,bbic
10,0.042,0.397,0.539,0.05,1.881,133.50624039602903,2028.9041100001837,0.042,0.397,0.537,0.042,2.032,166.29725251574453,2021.0255605192262
