subject,start_a,start_t0,start_p,start_rd,start_sda,start_g2,start_bbic,a,t0,p,rd,sda,g2,bbic
511,0.067,0.358,0.425,0.011,1.88,107.27934954763577,1987.3521428830054,0.075,0.351,0.498,0.01,1.886,102.30913354400258,1960.688021762655
