subject,start_a,start_t0,start_p,start_rd,start_sda,start_g2,start_bbic,a,t0,p,rd,sda,g2,bbic
321,0.093,0.374,0.604,0.007,1.151,52.6546970739084,1845.7585628020813,0.093,0.374,0.675,0.006,1.202,50.70901063169486,1837.814361646538
