subject,start_a,start_t0,start_p,start_rd,start_sda,start_g2,start_bbic,a,t0,p,rd,sda,g2,bbic
530,0.064,0.305,0.641,0.012,1.235,33.36613876044727,1867.1907969208619,0.064,0.304,0.683,0.011,1.287,37.9310679976479,1862.5200410207194
