subject,start_a,start_t0,start_p,start_rd,start_sda,start_g2,start_bbic,a,t0,p,rd,sda,g2,bbic
108,0.125,0.333,0.57,0.014,1.234,35.1471643725495,1836.2104950491407,0.123,0.334,0.565,0.015,1.272,50.182339185916575,1832.8119711483744
