subject,start_a,start_t0,start_p,start_rd,start_sda,start_g2,start_bbic,a,t0,p,rd,sda,g2,bbic
92,0.085,0.332,0.67,0.018,1.88,63.12286493973616,1927.4139572502784,0.087,0.333,0.724,0.02,2.01,81.61906225016722,1914.049886052211
