subject,start_a,start_t0,start_p,start_rd,start_sda,start_g2,start_bbic,a,t0,p,rd,sda,g2,bbic
561,0.102,0.413,0.66,0.009,1.267,72.76594713777389,1875.0997527537102,0.103,0.413,0.676,0.01,1.308,89.07426426968081,1874.256726203408
