subject,start_a,start_t0,start_p,start_rd,start_sda,start_g2,start_bbic,a,t0,p,rd,sda,g2,bbic
513,0.083,0.391,0.418,0.013,1.891,162.04038979750163,2090.2767003562085,0.084,0.403,0.427,0.016,2.06,192.41103035258712,2062.6219866320816
