subject,start_a,start_t0,start_p,start_rd,start_sda,start_g2,start_bbic,a,t0,p,rd,sda,g2,bbic
409,0.109,0.389,0.604,0.035,1.448,14.963565710724676,1799.9986892654852,0.107,0.391,0.6,0.037,1.515,23.61992262815234,1806.6726455856335
