subject,start_a,start_t0,start_p,start_rd,start_sda,start_g2,start_bbic,a,t0,p,rd,sda,g2,bbic
149,0.081,0.407,0.599,0.005,1.075,93.64929387003706,1945.843855005022,0.085,0.41,0.599,0.006,1.111,112.3408736537208,1946.0555808768938
