subject,start_a,start_t0,start_p,start_rd,start_sda,start_g2,start_bbic,a,t0,p,rd,sda,g2,bbic
52,0.121,0.345,0.63,0.017,1.573,6.884655463094286,1799.3209331915189,0.126,0.339,0.627,0.019,1.704,11.673501110544224,1793.5603968384291
