subject,start_a,start_t0,start_p,start_rd,start_sda,start_g2,start_bbic,a,t0,p,rd,sda,g2,bbic
507,0.112,0.337,0.64,0.018,1.754,40.93164134496338,1822.2895645450646,0.113,0.335,0.641,0.018,1.832,53.67986396749323,1839.468838916589
