subject,start_a,start_t0,start_p,start_rd,start_sda,start_g2,start_bbic,a,t0,p,rd,sda,g2,bbic
146,0.058,0.365,0.633,0.01,1.458,93.34945070827129,1974.0107473451437,0.058,0.365,0.605,0.011,1.515,99.18851593457583,1962.2066122731765
