subject,start_a,start_t0,start_p,start_rd,start_sda,start_g2,start_bbic,a,t0,p,rd,sda,g2,bbic
323,0.074,0.332,0.787,0.034,1.888,79.3102532156184,1887.583090345179,0.073,0.334,0.828,0.035,1.981,86.93543279355762,1871.6977553538743
