subject,start_a,start_t0,start_p,start_rd,start_sda,start_g2,start_bbic,a,t0,p,rd,sda,g2,bbic
524,0.068,0.343,0.766,0.016,1.587,110.8143631184563,1924.4957801989876,0.069,0.342,0.843,0.018,1.658,113.25639194883753,1898.5653725422148
