subject,start_a,start_t0,start_p,start_rd,start_sda,start_g2,start_bbic,a,t0,p,rd,sda,g2,bbic
532,0.23,0.558,0.717,0.017,1.642,42.13305863665292,1831.0109096729168,0.229,0.572,0.727,0.021,1.724,56.41684701062492,1838.5997551719809
