subject,start_a,start_t0,start_p,start_rd,start_sda,start_g2,start_bbic,a,t0,p,rd,sda,g2,bbic
38,0.072,0.741,0.507,0.015,1.234,111.04843860285831,1953.9722363648557,0.071,0.741,0.533,0.013,1.257,127.94707446279295,1961.5934721492179
