subject,start_a,start_t0,start_p,start_rd,start_sda,start_g2,start_bbic,a,t0,p,rd,sda,g2,bbic
309,0.072,0.32,0.796,0.028,1.845,35.78946097691037,1833.53953406679,0.085,0.309,0.835,0.031,1.99,39.4257559417793,1823.111422337421
