subject,start_a,start_t0,start_p,start_rd,start_sda,start_g2,start_bbic,a,t0,p,rd,sda,g2,bbic
285,0.119,0.273,0.41,0.066,1.83,27.326031307418546,1825.9167997836607,0.126,0.276,0.422,0.108,1.819,47.2802323089672,1829.3371670518873
