subject,start_a,start_t0,start_p,start_rd,start_sda,start_g2,start_bbic,a,t0,p,rd,sda,g2,bbic
5,0.055,0.376,0.406,0.007,1.085,96.1152618103163,1971.3597729647486,0.056,0.37,0.427,0.007,1.114,111.55544848076272,1979.0028101547368
