subject,start_a,start_t0,start_p,start_rd,start_sda,start_g2,start_bbic,a,t0,p,rd,sda,g2,bbic
373,0.059,0.335,0.506,0.014,1.235,44.555313345173566,1877.4546872274764,0.06,0.334,0.513,0.015,1.269,52.118959765018836,1879.116190977611
