subject,start_a,start_t0,start_p,start_rd,start_sda,start_g2,start_bbic,a,t0,p,rd,sda,g2,bbic
169,0.059,0.361,0.364,0.017,1.651,48.65376690932801,1931.4126266513574,0.062,0.365,0.423,0.025,2.039,59.24154373423173,1916.6154778231169
