subject,start_a,start_t0,start_p,start_rd,start_sda,start_g2,start_bbic,a,t0,p,rd,sda,g2,bbic
252,0.086,0.368,0.484,0.028,1.805,63.300555392573784,1861.7487639674193,0.09,0.372,0.528,0.034,1.949,79.18523474822753,1865.763704697276
