subject,start_a,start_t0,start_p,start_rd,start_sda,start_g2,start_bbic,a,t0,p,rd,sda,g2,bbic
403,0.062,0.307,0.412,0.012,1.313,27.21526929762366,1884.3895194622921,0.062,0.307,0.418,0.012,1.395,30.458818277228314,1875.3336195330735
