subject,start_a,start_t0,start_p,start_rd,start_sda,start_g2,start_bbic,a,t0,p,rd,sda,g2,bbic
320,0.156,0.285,0.449,0.011,1.518,24.35251619379482,1825.4466589886915,0.154,0.281,0.44,0.011,1.597,26.79972150311478,1809.1243003973332
