subject,start_a,start_t0,start_p,start_rd,start_sda,start_g2,start_bbic,a,t0,p,rd,sda,g2,bbic
135,0.058,0.328,0.525,0.01,1.541,138.634411180155,2018.7575193956386,0.059,0.328,0.63,0.01,1.614,131.39975812670724,2000.9559557573116
