subject,start_a,start_t0,start_p,start_rd,start_sda,start_g2,start_bbic,a,t0,p,rd,sda,g2,bbic
566,0.086,0.405,0.338,0.016,1.417,16.730468376451853,1805.8158162637,0.092,0.391,0.334,0.018,1.492,25.847128652503095,1806.7721279334105
