subject,start_a,start_t0,start_p,start_rd,start_sda,start_g2,start_bbic,a,t0,p,rd,sda,g2,bbic
73,0.09,0.464,0.123,0.159,1.404,78.54005999845494,2123.117111958632,0.089,0.464,0.122,0.159,1.448,114.57529392284302,2144.2136468691033
