subject,start_a,start_t0,start_p,start_rd,start_sda,start_g2,start_bbic,a,t0,p,rd,sda,g2,bbic
363,0.16,0.252,0.642,0.012,1.81,26.696552506970857,1825.1408795462787,0.165,0.254,0.666,0.014,1.896,39.272815882501355,1824.0411939804978
