subject,start_a,start_t0,start_p,start_rd,start_sda,start_g2,start_bbic,a,t0,p,rd,sda,g2,bbic
83,0.065,0.343,0.396,0.016,1.741,76.20373884594208,1959.9045813936766,0.062,0.346,0.425,0.017,1.859,95.63489482617835,1958.2796030001866
