subject,start_a,start_t0,start_p,start_rd,start_sda,start_g2,start_bbic,a,t0,p,rd,sda,g2,bbic
72,0.075,0.332,0.645,0.021,1.937,81.16202996255645,1925.279702591768,0.075,0.343,0.724,0.022,2.005,74.20275687405555,1900.1126209585016
