subject,start_a,start_t0,start_p,start_rd,start_sda,start_g2,start_bbic,a,t0,p,rd,sda,g2,bbic
128,0.181,0.237,0.546,0.007,1.216,89.46379680785604,1903.9298754754564,0.185,0.238,0.57,0.008,1.272,99.61920432855125,1882.105844885766
