subject,start_a,start_t0,start_p,start_rd,start_sda,start_g2,start_bbic,a,t0,p,rd,sda,g2,bbic
206,0.081,0.338,0.462,0.011,1.308,62.92045398430146,1898.5642766022982,0.081,0.338,0.464,0.011,1.321,80.52187439100639,1906.306746666217
