subject,start_a,start_t0,start_p,start_rd,start_sda,start_g2,start_bbic,a,t0,p,rd,sda,g2,bbic
440,0.075,0.36,0.484,0.013,1.443,59.07715297984972,1897.4982211858053,0.073,0.362,0.513,0.013,1.509,67.6819204371305,1893.8441312498774
