subject,start_a,start_t0,start_p,start_rd,start_sda,start_g2,start_bbic,a,t0,p,rd,sda,g2,bbic
148,0.044,0.386,0.502,0.056,1.605,53.57370942475749,1916.4212730519503,0.043,0.389,0.494,0.056,1.756,69.83448618597885,1920.656511564814
