subject,start_a,start_t0,start_p,start_rd,start_sda,start_g2,start_bbic,a,t0,p,rd,sda,g2,bbic
154,0.067,0.366,0.523,0.013,1.484,56.15628227327539,1901.36445132706,0.067,0.367,0.528,0.015,1.537,65.951653654513,1910.4763774252851
