subject,start_a,start_t0,start_p,start_rd,start_sda,start_g2,start_bbic,a,t0,p,rd,sda,g2,bbic
160,0.188,0.247,0.776,0.018,1.892,149.57899384461425,1942.8173168872559,0.191,0.249,0.805,0.019,1.995,161.90365583449847,1945.299125649582
