subject,start_a,start_t0,start_p,start_rd,start_sda,start_g2,start_bbic,a,t0,p,rd,sda,g2,bbic
356,0.093,0.274,0.253,0.135,1.451,88.92161582208894,1909.5889004358366,0.097,0.279,0.266,0.125,1.517,121.13143139111176,1905.8940425778915
