subject,start_a,start_t0,start_p,start_rd,start_sda,start_g2,start_bbic,a,t0,p,rd,sda,g2,bbic
436,0.057,0.35,0.717,0.025,1.784,69.76035483511023,1941.2224488977615,0.055,0.351,0.758,0.025,1.872,74.97766681181282,1923.8062372833872
