subject,start_a,start_t0,start_p,start_rd,start_sda,start_g2,start_bbic,a,t0,p,rd,sda,g2,bbic
139,0.064,0.352,0.408,0.009,1.416,96.78003676538233,1956.6769170870562,0.064,0.352,0.438,0.009,1.434,104.31399419212569,1945.7363528418678
