subject,start_a,start_t0,start_p,start_rd,start_sda,start_g2,start_bbic,a,t0,p,rd,sda,g2,bbic
187,0.063,0.368,0.444,0.019,1.871,25.080701383014418,1889.4885593272627,0.062,0.368,0.45,0.018,1.976,43.38192521104981,1898.336222620228
