subject,start_a,start_t0,start_p,start_rd,start_sda,start_g2,start_bbic,a,t0,p,rd,sda,g2,bbic
255,0.05,0.318,0.479,0.017,1.416,83.74060119744527,1962.992314173983,0.05,0.318,0.473,0.017,1.437,120.80138495045777,1987.1052907961503
