subject,start_a,start_t0,start_p,start_rd,start_sda,start_g2,start_bbic,a,t0,p,rd,sda,g2,bbic
556,0.062,0.327,0.645,0.016,1.949,87.29134005882337,1942.3581374719768,0.062,0.327,0.708,0.016,2.02,91.6128233791539,1940.2783344467884
