subject,start_a,start_t0,start_p,start_rd,start_sda,start_g2,start_bbic,a,t0,p,rd,sda,g2,bbic
101,0.069,0.382,0.297,0.03,1.767,205.43342253350767,2089.138454531666,0.071,0.381,0.287,0.02,1.907,198.04454559152236,2066.3788282598143
