subject,start_a,start_t0,start_p,start_rd,start_sda,start_g2,start_bbic,a,t0,p,rd,sda,g2,bbic
514,0.147,0.384,0.589,0.024,1.638,57.34432655096115,1876.9869318669887,0.148,0.385,0.59,0.026,1.763,69.98034596698942,1851.5275553417512
