subject,start_a,start_t0,start_p,start_rd,start_sda,start_g2,start_bbic,a,t0,p,rd,sda,g2,bbic
483,0.107,0.213,0.114,0.309,1.626,108.92146891268224,2087.5494410540455,0.105,0.224,0.11,0.322,1.75,129.59424664253987,2106.930382874612
