subject,start_a,start_t0,start_p,start_rd,start_sda,start_g2,start_bbic,a,t0,p,rd,sda,g2,bbic
45,0.199,0.229,0.748,0.009,1.461,105.00147201289799,1889.3724686155347,0.216,0.26,0.914,0.018,2.215,72.76190741065113,1855.820352988076
