subject,start_a,start_t0,start_p,start_rd,start_sda,start_g2,start_bbic,a,t0,p,rd,sda,g2,bbic
271,0.069,0.404,0.394,0.013,1.892,125.06963750124609,2018.5636459058765,0.074,0.401,0.425,0.012,1.921,141.76484409213808,2038.5721112690728
