subject,start_a,start_t0,start_p,start_rd,start_sda,start_g2,start_bbic,a,t0,p,rd,sda,g2,bbic
509,0.06,0.305,0.651,0.021,1.961,16.571353876128676,1864.2940113851475,0.061,0.305,0.645,0.024,2.013,20.96139627180465,1863.351865832331
