subject,start_a,start_t0,start_p,start_rd,start_sda,start_g2,start_bbic,a,t0,p,rd,sda,g2,bbic
10,0.045,0.374,0.537,0.011,1.269,133.74530796318888,2100.9380476758483,0.046,0.373,0.535,0.012,1.298,174.86888685314483,2100.8823009809785
