subject,start_a,start_t0,start_p,start_rd,start_sda,start_g2,start_bbic,a,t0,p,rd,sda,g2,bbic
561,0.059,0.416,0.622,0.036,1.647,99.95796059558093,1964.6917711343815,0.061,0.414,0.625,0.032,1.732,139.54026913030597,1968.617269557142
