subject,start_a,start_t0,start_p,start_rd,start_sda,start_g2,start_bbic,a,t0,p,rd,sda,g2,bbic
111,0.093,0.421,0.779,0.015,1.313,61.5819342962562,1858.6379483902047,0.092,0.421,0.844,0.014,1.369,80.65545171456607,1862.5793467094409
