subject,start_a,start_t0,start_p,start_rd,start_sda,start_g2,start_bbic,a,t0,p,rd,sda,g2,bbic
271,0.059,0.443,0.246,0.035,1.784,206.73919904339826,2156.7235891719442,0.062,0.446,0.285,0.024,2.207,197.10128893333854,2106.633821529689
