subject,start_a,start_t0,start_p,start_rd,start_sda,start_g2,start_bbic,a,t0,p,rd,sda,g2,bbic
541,0.246,0.317,0.845,0.007,0.986,28.027823263752456,1818.021680906068,0.248,0.317,0.851,0.007,1.002,35.98140982212031,1820.9593403125625
