subject,start_a,start_t0,start_p,start_rd,start_sda,start_g2,start_bbic,a,t0,p,rd,sda,g2,bbic
443,0.111,0.395,0.531,0.037,1.415,5.997921008665667,1787.14083625302,0.108,0.404,0.547,0.035,1.489,9.408672211055988,1789.6938208045415
