subject,start_a,start_t0,start_p,start_rd,start_sda,start_g2,start_bbic,a,t0,p,rd,sda,g2,bbic
113,0.076,0.454,0.355,0.017,1.594,34.59566480170137,1875.4364726120075,0.079,0.448,0.361,0.018,1.751,41.4249644334029,1865.2630464799472
