subject,start_a,start_t0,start_p,start_rd,start_sda,start_g2,start_bbic,a,t0,p,rd,sda,g2,bbic
555,0.039,0.34,0.626,0.029,1.177,80.83899168962374,1976.398453025091,0.042,0.336,0.676,0.022,1.215,105.34237913776633,1971.9960737523827
