subject,start_a,start_t0,start_p,start_rd,start_sda,start_g2,start_bbic,a,t0,p,rd,sda,g2,bbic
185,0.06,0.352,0.489,0.024,1.867,61.702787241236535,1918.3479216214462,0.058,0.359,0.514,0.031,2.02,76.72295437893044,1923.9391639700543
