subject,start_a,start_t0,start_p,start_rd,start_sda,start_g2,start_bbic,a,t0,p,rd,sda,g2,bbic
521,0.08,0.368,0.632,0.011,1.406,83.88751544585242,1913.3482232969968,0.079,0.368,0.717,0.01,1.445,66.91543935051206,1891.4151782774718
