subject,start_a,start_t0,start_p,start_rd,start_sda,start_g2,start_bbic,a,t0,p,rd,sda,g2,bbic
310,0.086,0.444,0.583,0.014,1.614,80.63247196071399,1929.3177936746395,0.088,0.448,0.658,0.015,1.754,90.58926010633438,1918.8889831871184
