subject,start_a,start_t0,start_p,start_rd,start_sda,start_g2,start_bbic,a,t0,p,rd,sda,g2,bbic
45,0.067,0.41,0.485,0.012,1.473,46.6749282819049,1923.1275813586824,0.066,0.411,0.546,0.012,1.517,64.56580598388162,1913.0710945309443
