subject,start_a,start_t0,start_p,start_rd,start_sda,start_g2,start_bbic,a,t0,p,rd,sda,g2,bbic
397,0.06,0.354,0.458,0.009,1.41,57.51125892116515,1938.36266537232,0.06,0.354,0.46,0.011,1.484,69.2627331714444,1925.0024884407308
