subject,start_a,start_t0,start_p,start_rd,start_sda,start_g2,start_bbic,a,t0,p,rd,sda,g2,bbic
553,0.05,0.391,0.541,0.024,1.569,12.612431710934151,1860.167551873766,0.05,0.395,0.559,0.03,1.698,14.899003522676825,1857.1148304875753
