subject,start_a,start_t0,start_p,start_rd,start_sda,start_g2,start_bbic,a,t0,p,rd,sda,g2,bbic
90,0.108,0.335,0.531,0.009,1.632,48.68214742626613,1881.455433907697,0.108,0.335,0.578,0.009,1.722,49.36200404625037,1874.5995798305646
