subject,start_a,start_t0,start_p,start_rd,start_sda,start_g2,start_bbic,a,t0,p,rd,sda,g2,bbic
315,0.053,0.342,0.545,0.022,1.859,62.23561883185611,1920.4996803666663,0.054,0.342,0.548,0.025,1.961,78.87442635395323,1935.4518813234786
