subject,start_a,start_t0,start_p,start_rd,start_sda,start_g2,start_bbic,a,t0,p,rd,sda,g2,bbic
525,0.053,0.333,0.501,0.012,1.476,84.77647560350388,2085.7477752093155,0.052,0.333,0.46,0.011,1.505,115.26209031153626,2099.2125465204435
