subject,start_a,start_t0,start_p,start_rd,start_sda,start_g2,start_bbic,a,t0,p,rd,sda,g2,bbic
157,0.078,0.345,0.493,0.021,1.847,97.75056312325634,1902.4110648554024,0.09,0.329,0.539,0.019,1.946,105.37117112442152,1889.448827212887
