subject,start_a,start_t0,start_p,start_rd,start_sda,start_g2,start_bbic,a,t0,p,rd,sda,g2,bbic
6,0.068,0.407,0.489,0.016,1.5,31.452490167410094,1866.5307987917756,0.068,0.407,0.488,0.016,1.619,41.31526248229081,1870.8021754422361
