subject,start_a,start_t0,start_p,start_rd,start_sda,start_g2,start_bbic,a,t0,p,rd,sda,g2,bbic
46,0.055,0.415,0.586,0.017,1.792,87.9162303721306,1978.4251885231579,0.055,0.416,0.595,0.017,1.789,101.6985238398854,1990.4769242156422
