subject,start_a,start_t0,start_p,start_rd,start_sda,start_g2,start_bbic,a,t0,p,rd,sda,g2,bbic
213,0.06,0.254,0.469,0.012,1.573,91.74595106611918,1953.8022009468643,0.061,0.255,0.49,0.014,1.645,101.80528433876775,1946.4817536898997
