subject,start_a,start_t0,start_p,start_rd,start_sda,start_g2,start_bbic,a,t0,p,rd,sda,g2,bbic
112,0.104,0.295,0.395,0.008,1.572,19.5799939703096,1864.5826180842944,0.104,0.295,0.395,0.008,1.573,35.8642566833505,1858.3307790941337
