subject,start_a,start_t0,start_p,start_rd,start_sda,start_g2,start_bbic,a,t0,p,rd,sda,g2,bbic
254,0.06,0.34,0.712,0.02,1.661,21.397810218625683,1875.4553975929382,0.06,0.342,0.764,0.021,1.738,19.1509580514795,1864.619816865034
