subject,start_a,start_t0,start_p,start_rd,start_sda,start_g2,start_bbic,a,t0,p,rd,sda,g2,bbic
450,0.054,0.341,0.634,0.019,1.808,113.73991333122203,1988.8624554115743,0.056,0.339,0.655,0.019,1.892,133.03889874202164,1988.0946342684747
