subject,start_a,start_t0,start_p,start_rd,start_sda,start_g2,start_bbic,a,t0,p,rd,sda,g2,bbic
22,0.102,0.306,0.617,0.011,1.208,58.137855024026656,1866.144485206684,0.104,0.308,0.636,0.013,1.266,71.59549885457737,1858.0619843880295
