subject,start_a,start_t0,start_p,start_rd,start_sda,start_g2,start_bbic,a,t0,p,rd,sda,g2,bbic
177,0.098,0.379,0.6,0.016,1.232,21.527850302869624,1809.0357245196033,0.095,0.383,0.598,0.017,1.294,32.75037076743974,1814.1165337061875
