subject,start_a,start_t0,start_p,start_rd,start_sda,start_g2,start_bbic,a,t0,p,rd,sda,g2,bbic
148,0.075,0.32,0.352,0.009,1.199,90.88564279496724,1991.512219237974,0.076,0.317,0.36,0.009,1.286,118.01520136504394,1981.5113971883168
