subject,start_a,start_t0,start_p,start_rd,start_sda,start_g2,start_bbic,a,t0,p,rd,sda,g2,bbic
181,0.08,0.341,0.192,0.082,1.614,277.9414389522371,2203.079131070755,0.076,0.36,0.212,0.027,1.76,319.4010399606595,2212.2259923806077
