subject,start_a,start_t0,start_p,start_rd,start_sda,start_g2,start_bbic,a,t0,p,rd,sda,g2,bbic
65,0.087,0.32,0.547,0.015,1.293,28.190638659054784,1829.4843026347571,0.089,0.321,0.561,0.017,1.345,43.00615861750992,1825.5300032292057
