subject,start_a,start_t0,start_p,start_rd,start_sda,start_g2,start_bbic,a,t0,p,rd,sda,g2,bbic
354,0.069,0.37,0.725,0.006,1.035,36.341186371541426,1869.0090071113657,0.068,0.372,0.772,0.006,1.046,38.56053444073532,1865.4941408267468
