subject,start_a,start_t0,start_p,start_rd,start_sda,start_g2,start_bbic,a,t0,p,rd,sda,g2,bbic
446,0.099,0.392,0.504,0.006,1.279,13.795568614032216,1848.167063555979,0.096,0.391,0.486,0.006,1.354,20.456061428860313,1844.2392438144352
