subject,start_a,start_t0,start_p,start_rd,start_sda,start_g2,start_bbic,a,t0,p,rd,sda,g2,bbic
559,0.057,0.353,0.536,0.01,1.477,80.79085461140856,1962.7079914510114,0.057,0.353,0.586,0.011,1.518,102.38292595600755,1957.7549774108015
