subject,start_a,start_t0,start_p,start_rd,start_sda,start_g2,start_bbic,a,t0,p,rd,sda,g2,bbic
307,0.161,0.446,0.75,0.011,1.129,28.25949449307891,1826.339642670233,0.161,0.446,0.755,0.012,1.156,41.83201017479568,1825.056045630995
