subject,start_a,start_t0,start_p,start_rd,start_sda,start_g2,start_bbic,a,t0,p,rd,sda,g2,bbic
537,0.053,0.319,0.534,0.029,1.834,106.69470569573795,1943.7865423220721,0.053,0.319,0.534,0.029,1.84,137.75343186906272,1961.2067389296938
