subject,start_a,start_t0,start_p,start_rd,start_sda,start_g2,start_bbic,a,t0,p,rd,sda,g2,bbic
483,0.089,0.321,0.179,0.162,1.165,150.03698841901482,2054.2948475009384,0.092,0.301,0.177,0.007,1.312,141.58288133242533,1987.6455048286248
