subject,start_a,start_t0,start_p,start_rd,start_sda,start_g2,start_bbic,a,t0,p,rd,sda,g2,bbic
306,0.046,0.382,0.544,0.021,1.808,145.12224938725132,2069.8262877161783,0.046,0.382,0.545,0.021,1.808,161.44168626372544,2063.275159340038
