subject,start_a,start_t0,start_p,start_rd,start_sda,start_g2,start_bbic,a,t0,p,rd,sda,g2,bbic
394,0.144,0.322,0.633,0.018,1.75,34.48171522001532,1839.7132314424598,0.131,0.343,0.631,0.018,1.837,49.10557878876497,1836.4292186393404
