subject,start_a,start_t0,start_p,start_rd,start_sda,start_g2,start_bbic,a,t0,p,rd,sda,g2,bbic
39,0.066,0.37,0.358,0.02,1.318,144.9360339136356,2025.7542170310514,0.065,0.372,0.345,0.019,1.363,165.22043672301393,2037.7721172339213
