subject,start_a,start_t0,start_p,start_rd,start_sda,start_g2,start_bbic,a,t0,p,rd,sda,g2,bbic
333,0.058,0.402,0.395,0.018,1.84,74.88020351624773,1984.0149204320953,0.06,0.401,0.399,0.019,1.837,86.04452104258777,1974.107792291402
