subject,start_a,start_t0,start_p,start_rd,start_sda,start_g2,start_bbic,a,t0,p,rd,sda,g2,bbic
13,0.087,0.421,0.624,0.016,1.496,21.635354830651863,1810.8354492568988,0.089,0.419,0.627,0.016,1.564,27.010810554140903,1810.1648696442273
