subject,start_a,start_t0,start_p,start_rd,start_sda,start_g2,start_bbic,a,t0,p,rd,sda,g2,bbic
432,0.128,0.322,0.534,0.014,1.122,65.01488844630742,1850.2669382590063,0.126,0.319,0.518,0.012,1.171,73.8448559263002,1856.824592624784
