subject,start_a,start_t0,start_p,start_rd,start_sda,start_g2,start_bbic,a,t0,p,rd,sda,g2,bbic
185,0.046,0.329,0.527,0.028,1.645,84.35919349937977,2026.7492560710925,0.047,0.332,0.544,0.032,1.71,96.30642161057304,1969.8907815264233
