subject,start_a,start_t0,start_p,start_rd,start_sda,start_g2,start_bbic,a,t0,p,rd,sda,g2,bbic
445,0.047,0.327,0.489,0.017,1.632,150.3074386077981,2074.290500980269,0.047,0.327,0.494,0.017,1.675,173.0728108513194,2071.379776883833
