subject,start_a,start_t0,start_p,start_rd,start_sda,start_g2,start_bbic,a,t0,p,rd,sda,g2,bbic
360,0.138,0.309,0.73,0.017,1.332,84.43289193279578,1892.0710495319947,0.136,0.314,0.726,0.019,1.399,105.84136714867385,1889.8460123088555
