subject,start_a,start_t0,start_p,start_rd,start_sda,start_g2,start_bbic,a,t0,p,rd,sda,g2,bbic
430,0.061,0.335,0.554,0.016,1.507,111.3237362133151,1951.8517956661503,0.06,0.335,0.62,0.015,1.55,104.50555323448447,1928.94002188574
