subject,start_a,start_t0,start_p,start_rd,start_sda,start_g2,start_bbic,a,t0,p,rd,sda,g2,bbic
161,0.067,0.333,0.573,0.014,1.693,10.96851953878111,1860.130204296246,0.069,0.33,0.585,0.015,1.808,20.49828823329181,1864.0732759743535
