subject,start_a,start_t0,start_p,start_rd,start_sda,start_g2,start_bbic,a,t0,p,rd,sda,g2,bbic
23,0.061,0.332,0.461,0.018,1.751,64.94124389732256,1918.9710264521545,0.061,0.334,0.467,0.021,1.86,80.68816855839738,1927.4872478422876
