subject,start_a,start_t0,start_p,start_rd,start_sda,start_g2,start_bbic,a,t0,p,rd,sda,g2,bbic
471,0.118,0.337,0.597,0.034,1.643,44.77366700683355,1847.0350037112669,0.117,0.338,0.591,0.032,1.769,60.020759392945,1841.2756491566884
