subject,start_a,start_t0,start_p,start_rd,start_sda,start_g2,start_bbic,a,t0,p,rd,sda,g2,bbic
520,0.063,0.313,0.697,0.012,1.553,93.40776135693625,1975.7295135836523,0.064,0.315,0.769,0.014,1.642,98.93621669132474,1958.1756505205453
