subject,start_a,start_t0,start_p,start_rd,start_sda,start_g2,start_bbic,a,t0,p,rd,sda,g2,bbic
266,0.072,0.302,0.585,0.007,1.349,148.75767035505606,2020.2781573969849,0.072,0.302,0.606,0.007,1.344,162.92084980303255,2010.1485657987373
