subject,start_a,start_t0,start_p,start_rd,start_sda,start_g2,start_bbic,a,t0,p,rd,sda,g2,bbic
325,0.113,0.313,0.717,0.025,1.939,35.73578598983436,1837.0228990310516,0.115,0.315,0.735,0.025,2.082,42.153796079941394,1827.328058859971
