subject,start_a,start_t0,start_p,start_rd,start_sda,start_g2,start_bbic,a,t0,p,rd,sda,g2,bbic
368,0.064,0.262,0.43,0.031,1.792,64.36178737667751,1917.3225003274622,0.062,0.266,0.443,0.038,1.839,85.82626890565392,1911.1010320742007
