subject,start_a,start_t0,start_p,start_rd,start_sda,start_g2,start_bbic,a,t0,p,rd,sda,g2,bbic
468,0.125,0.345,0.595,0.023,1.403,36.99335934548967,1837.8832420505337,0.127,0.346,0.602,0.024,1.481,54.919906980689035,1836.2928239872242
