subject,start_a,start_t0,start_p,start_rd,start_sda,start_g2,start_bbic,a,t0,p,rd,sda,g2,bbic
161,0.056,0.391,0.503,0.01,1.378,98.95829540646898,1961.266737294069,0.056,0.391,0.503,0.012,1.43,113.47077245394951,1959.9763908004077
