subject,start_a,start_t0,start_p,start_rd,start_sda,start_g2,start_bbic,a,t0,p,rd,sda,g2,bbic
66,0.063,0.332,0.331,0.009,1.163,27.906324667650836,1881.1279862017464,0.065,0.334,0.36,0.01,1.196,38.680797662861515,1882.2230488718328
