subject,start_a,start_t0,start_p,start_rd,start_sda,start_g2,start_bbic,a,t0,p,rd,sda,g2,bbic
425,0.059,0.371,0.604,0.017,1.792,34.790196363219934,1909.560582701421,0.057,0.372,0.602,0.017,1.891,51.422244178757914,1912.7838768639408
