subject,start_a,start_t0,start_p,start_rd,start_sda,start_g2,start_bbic,a,t0,p,rd,sda,g2,bbic
459,0.062,0.35,0.57,0.012,1.775,92.8993246060331,1972.2483496476075,0.062,0.35,0.597,0.012,1.753,114.61575878477689,1970.8365676061435
