subject,start_a,start_t0,start_p,start_rd,start_sda,start_g2,start_bbic,a,t0,p,rd,sda,g2,bbic
307,0.064,0.537,0.456,0.027,1.586,69.75633250319122,1909.5788830922274,0.067,0.535,0.455,0.028,1.669,103.92385012057962,1931.7505644778053
