subject,start_a,start_t0,start_p,start_rd,start_sda,start_g2,start_bbic,a,t0,p,rd,sda,g2,bbic
267,0.194,0.268,0.994,0.034,1.853,6.202120240059966,1787.1869583512002,0.192,0.271,0.994,0.036,1.905,10.808637054729934,1791.1306739757827
