subject,start_a,start_t0,start_p,start_rd,start_sda,start_g2,start_bbic,a,t0,p,rd,sda,g2,bbic
88,0.082,0.394,0.573,0.03,1.839,149.53890565507606,1984.108914537308,0.084,0.393,0.587,0.034,1.923,184.25628818769502,2028.3690551958214
