subject,start_a,start_t0,start_p,start_rd,start_sda,start_g2,start_bbic,a,t0,p,rd,sda,g2,bbic
538,0.061,0.381,0.461,0.024,1.763,19.05163569199302,1856.153367094403,0.064,0.378,0.49,0.031,2.01,32.292929045512246,1859.0655945617405
