subject,start_a,start_t0,start_p,start_rd,start_sda,start_g2,start_bbic,a,t0,p,rd,sda,g2,bbic
143,0.228,0.285,0.622,0.148,1.22,246.40495914592776,2084.2891133072467,0.232,0.28,0.624,0.169,1.24,303.92918248043185,2091.054309674945
