subject,start_a,start_t0,start_p,start_rd,start_sda,start_g2,start_bbic,a,t0,p,rd,sda,g2,bbic
243,0.116,0.317,0.13,0.122,1.096,122.67383742469362,2058.4658495476574,0.122,0.247,0.121,0.007,1.353,120.18724075057008,2004.5133610326166
