subject,start_a,start_t0,start_p,start_rd,start_sda,start_g2,start_bbic,a,t0,p,rd,sda,g2,bbic
240,0.122,0.276,0.768,0.014,1.129,45.58297505427519,1840.7115901785858,0.116,0.281,0.773,0.014,1.178,66.09276559117295,1852.44669973417
