subject,start_a,start_t0,start_p,start_rd,start_sda,start_g2,start_bbic,a,t0,p,rd,sda,g2,bbic
238,0.065,0.41,0.474,0.033,1.554,143.33102173877793,1971.0723892317285,0.061,0.413,0.454,0.033,1.675,162.42710383272257,1985.6714164129528
