subject,start_a,start_t0,start_p,start_rd,start_sda,start_g2,start_bbic,a,t0,p,rd,sda,g2,bbic
245,0.079,0.401,0.416,0.086,1.739,93.59564573499422,1898.1418407845374,0.081,0.4,0.412,0.077,1.832,115.14133076679882,1900.1053865376011
