subject,start_a,start_t0,start_p,start_rd,start_sda,start_g2,start_bbic,a,t0,p,rd,sda,g2,bbic
400,0.061,0.335,0.474,0.01,1.206,70.56938800832991,1939.0305714823319,0.06,0.335,0.499,0.009,1.25,84.27627647598113,1930.9781055387327
