subject,start_a,start_t0,start_p,start_rd,start_sda,start_g2,start_bbic,a,t0,p,rd,sda,g2,bbic
168,0.115,0.287,0.612,0.01,1.447,78.40939280329741,1889.353321771888,0.115,0.287,0.645,0.009,1.521,82.52459633890152,1865.5480275745244
