subject,start_a,start_t0,start_p,start_rd,start_sda,start_g2,start_bbic,a,t0,p,rd,sda,g2,bbic
192,0.054,0.393,0.532,0.012,1.567,77.0205286310965,1978.3931132707182,0.055,0.393,0.535,0.013,1.602,102.17666993543676,1963.651787050173
