subject,start_a,start_t0,start_p,start_rd,start_sda,start_g2,start_bbic,a,t0,p,rd,sda,g2,bbic
287,0.15,0.332,0.627,0.013,1.205,47.08292439826507,1840.4844671378269,0.145,0.346,0.641,0.015,1.298,52.511303934901775,1835.274783306133
