subject,start_a,start_t0,start_p,start_rd,start_sda,start_g2,start_bbic,a,t0,p,rd,sda,g2,bbic
32,0.156,0.341,0.64,0.037,1.192,20.47947338260884,1811.828357059854,0.155,0.347,0.648,0.038,1.288,33.68846986447193,1816.3316062174529
