subject,start_a,start_t0,start_p,start_rd,start_sda,start_g2,start_bbic,a,t0,p,rd,sda,g2,bbic
336,0.161,0.302,0.722,0.011,1.169,181.1520964823054,2032.8427465849163,0.16,0.304,0.718,0.013,1.193,219.0156811995977,2045.4558671510954
