subject,start_a,start_t0,start_p,start_rd,start_sda,start_g2,start_bbic,a,t0,p,rd,sda,g2,bbic
383,0.05,0.39,0.535,0.039,1.501,122.8044648401741,2029.2658097525455,0.047,0.394,0.51,0.049,1.761,158.29321088523864,2027.499802514892
