subject,start_a,start_t0,start_p,start_rd,start_sda,start_g2,start_bbic,a,t0,p,rd,sda,g2,bbic
508,0.053,0.3,0.608,0.028,1.651,153.98396337562113,1978.5165940220127,0.054,0.301,0.643,0.03,1.715,175.95523766516314,2008.893427931464
