subject,start_a,start_t0,start_p,start_rd,start_sda,start_g2,start_bbic,a,t0,p,rd,sda,g2,bbic
36,0.063,0.359,0.36,0.129,1.341,101.33437684036437,1909.9621114748772,0.063,0.362,0.371,0.196,1.331,123.61854571310667,1905.1257533121695
