subject,start_a,start_t0,start_p,start_rd,start_sda,start_g2,start_bbic,a,t0,p,rd,sda,g2,bbic
337,0.061,0.351,0.454,0.014,1.775,73.27221731454281,1935.7747251312328,0.061,0.351,0.489,0.015,1.866,76.49560359687548,1936.1889561446185
