subject,start_a,start_t0,start_p,start_rd,start_sda,start_g2,start_bbic,a,t0,p,rd,sda,g2,bbic
88,0.071,0.434,0.606,0.016,1.217,29.051607487541432,1818.4838009762445,0.071,0.435,0.603,0.017,1.251,38.06410608998551,1819.8230070279305
