subject,start_a,start_t0,start_p,start_rd,start_sda,start_g2,start_bbic,a,t0,p,rd,sda,g2,bbic
540,0.093,0.411,0.219,0.108,1.526,133.19296563903976,1978.2798024230854,0.094,0.413,0.212,0.125,1.549,157.67478809807076,1985.0215045115467
