subject,start_a,start_t0,start_p,start_rd,start_sda,start_g2,start_bbic,a,t0,p,rd,sda,g2,bbic
254,0.058,0.329,0.522,0.016,1.583,80.5940108471141,1928.1399906890763,0.061,0.33,0.558,0.018,1.68,100.8281667233606,1928.3711215196554
