subject,start_a,start_t0,start_p,start_rd,start_sda,start_g2,start_bbic,a,t0,p,rd,sda,g2,bbic
302,0.087,0.328,0.605,0.013,1.592,133.59256992215,1971.4296950723337,0.094,0.315,0.617,0.013,1.736,146.73134844656732,1970.1228268424595
