subject,start_a,start_t0,start_p,start_rd,start_sda,start_g2,start_bbic,a,t0,p,rd,sda,g2,bbic
401,0.086,0.361,0.722,0.022,1.629,17.57022998413256,1809.95770633242,0.085,0.364,0.739,0.022,1.695,25.449717557820122,1806.9811796792717
