subject,start_a,start_t0,start_p,start_rd,start_sda,start_g2,start_bbic,a,t0,p,rd,sda,g2,bbic
431,0.073,0.335,0.443,0.009,1.339,40.733271386606695,1880.9328004179865,0.073,0.337,0.505,0.009,1.362,35.29226931459814,1860.7156580331418
