subject,start_a,start_t0,start_p,start_rd,start_sda,start_g2,start_bbic,a,t0,p,rd,sda,g2,bbic
15,0.121,0.333,0.673,0.014,1.361,139.36855486763255,1975.6620849625297,0.123,0.331,0.681,0.015,1.418,152.13524048681438,1975.268000480274
