subject,start_a,start_t0,start_p,start_rd,start_sda,start_g2,start_bbic,a,t0,p,rd,sda,g2,bbic
546,0.059,0.391,0.781,0.013,1.256,84.03644609228354,1909.2999895720154,0.064,0.392,0.889,0.016,1.367,76.60247197881287,1867.8214447877776
