subject,start_a,start_t0,start_p,start_rd,start_sda,start_g2,start_bbic,a,t0,p,rd,sda,g2,bbic
280,0.056,0.363,0.719,0.048,1.893,77.2230055047567,1885.858185189367,0.056,0.36,0.721,0.048,2.017,103.29474528819105,1884.7594725057552
