subject,start_a,start_t0,start_p,start_rd,start_sda,start_g2,start_bbic,a,t0,p,rd,sda,g2,bbic
441,0.302,0.249,0.859,0.015,1.24,48.50730476689954,1858.0421301910305,0.3,0.256,0.876,0.017,1.261,62.17411453574992,1844.160429431871
