subject,start_a,start_t0,start_p,start_rd,start_sda,start_g2,start_bbic,a,t0,p,rd,sda,g2,bbic
450,0.06,0.315,0.713,0.024,1.989,66.26080292276127,1917.48067945314,0.06,0.315,0.773,0.026,2.121,69.15312153853961,1915.9886210634554
