subject,start_a,start_t0,start_p,start_rd,start_sda,start_g2,start_bbic,a,t0,p,rd,sda,g2,bbic
60,0.045,0.326,0.407,0.014,1.439,33.240998242207375,1979.211181319926,0.045,0.325,0.424,0.015,1.5,47.940389794357955,1988.2962683103644
