subject,start_a,start_t0,start_p,start_rd,start_sda,start_g2,start_bbic,a,t0,p,rd,sda,g2,bbic
242,0.15,0.407,0.696,0.013,1.42,132.6635018590002,1975.6198535508317,0.15,0.407,0.714,0.013,1.419,145.93096071661304,1971.3375329447483
