subject,start_a,start_t0,start_p,start_rd,start_sda,start_g2,start_bbic,a,t0,p,rd,sda,g2,bbic
5,0.222,0.231,0.562,0.043,1.373,242.23261284424578,2081.2998819143813,0.211,0.24,0.562,0.024,1.486,281.46202807874215,2067.5506297452816
