subject,start_a,start_t0,start_p,start_rd,start_sda,start_g2,start_bbic,a,t0,p,rd,sda,g2,bbic
513,0.075,0.383,0.304,0.1,1.431,33.046707667419675,1856.8874936924249,0.075,0.385,0.315,0.032,1.545,37.223890395682496,1861.3334656919865
