subject,start_a,start_t0,start_p,start_rd,start_sda,start_g2,start_bbic,a,t0,p,rd,sda,g2,bbic
187,0.081,0.386,0.543,0.017,1.298,44.29896178342105,1841.6773251284524,0.084,0.383,0.55,0.018,1.359,64.90749288054941,1847.5471891591797
