subject,start_a,start_t0,start_p,start_rd,start_sda,start_g2,start_bbic,a,t0,p,rd,sda,g2,bbic
451,0.083,0.402,0.536,0.011,1.612,41.06960267987298,1873.9093464512594,0.084,0.401,0.544,0.011,1.639,55.43557075428763,1880.6010970460156
