subject,start_a,start_t0,start_p,start_rd,start_sda,start_g2,start_bbic,a,t0,p,rd,sda,g2,bbic
447,0.049,0.341,0.667,0.022,1.855,104.56909491516512,1981.669407225207,0.055,0.33,0.75,0.021,1.953,118.01370779745604,1987.1822826234486
