subject,start_a,start_t0,start_p,start_rd,start_sda,start_g2,start_bbic,a,t0,p,rd,sda,g2,bbic
504,0.073,0.375,0.629,0.018,1.689,39.35210083918841,1880.7447829892008,0.074,0.376,0.635,0.02,1.776,50.82281890747301,1873.2406840289248
