subject,start_a,start_t0,start_p,start_rd,start_sda,start_g2,start_bbic,a,t0,p,rd,sda,g2,bbic
567,0.194,0.209,0.337,0.007,1.444,41.91175720429753,1833.839709539538,0.195,0.216,0.35,0.007,1.506,45.02322815049923,1827.3709167311163
