subject,start_a,start_t0,start_p,start_rd,start_sda,start_g2,start_bbic,a,t0,p,rd,sda,g2,bbic
446,0.075,0.402,0.409,0.012,1.904,94.92492498427092,2008.7088445959298,0.075,0.402,0.419,0.012,2.041,116.02385564944392,2020.2425235145931
