subject,start_a,start_t0,start_p,start_rd,start_sda,start_g2,start_bbic,a,t0,p,rd,sda,g2,bbic
282,0.145,0.223,0.596,0.016,1.735,18.438578939832297,1810.297602685411,0.137,0.243,0.613,0.017,1.818,23.08915903332022,1805.6219335248707
