subject,start_a,start_t0,start_p,start_rd,start_sda,start_g2,start_bbic,a,t0,p,rd,sda,g2,bbic
18,0.065,0.481,0.404,0.023,1.723,66.4944870241798,1919.7975789480404,0.065,0.481,0.402,0.024,1.767,86.08242778946061,1911.6986090252494
