subject,start_a,start_t0,start_p,start_rd,start_sda,start_g2,start_bbic,a,t0,p,rd,sda,g2,bbic
317,0.08,0.519,0.207,0.223,1.81,64.08853227538079,1972.794208340387,0.076,0.533,0.202,0.275,1.849,89.3002913953145,1977.3383486156254
