subject,start_a,start_t0,start_p,start_rd,start_sda,start_g2,start_bbic,a,t0,p,rd,sda,g2,bbic
500,0.148,0.268,0.873,0.014,1.322,20.61544490079119,1808.261751243577,0.152,0.265,0.874,0.016,1.371,30.496682739263385,1813.3906820470495
