subject,start_a,start_t0,start_p,start_rd,start_sda,start_g2,start_bbic,a,t0,p,rd,sda,g2,bbic
30,0.04,0.396,0.63,0.058,1.848,284.0344011163326,2162.6144929486354,0.054,0.391,0.967,0.053,2.157,179.77174321798435,2017.3843523017458
