subject,start_a,start_t0,start_p,start_rd,start_sda,start_g2,start_bbic,a,t0,p,rd,sda,g2,bbic
522,0.067,0.317,0.515,0.01,1.611,20.91044849241696,1889.5518745382767,0.068,0.317,0.556,0.011,1.641,25.54408802336867,1887.4580377004588
