subject,start_a,start_t0,start_p,start_rd,start_sda,start_g2,start_bbic,a,t0,p,rd,sda,g2,bbic
214,0.063,0.339,0.614,0.02,1.478,158.35814292967407,2060.4672493107414,0.062,0.339,0.723,0.02,1.534,152.17910177521395,1999.3133120538473
