subject,start_a,start_t0,start_p,start_rd,start_sda,start_g2,start_bbic,a,t0,p,rd,sda,g2,bbic
328,0.103,0.272,0.615,0.024,1.681,66.8143159346776,1863.5255383154781,0.101,0.275,0.617,0.024,1.694,79.76814848987979,1863.4705320518412
