subject,start_a,start_t0,start_p,start_rd,start_sda,start_g2,start_bbic,a,t0,p,rd,sda,g2,bbic
395,0.271,0.2,0.679,0.012,0.93,43.82434898160476,1832.8130831361518,0.268,0.203,0.683,0.01,0.975,52.34920719846956,1836.2913032637193
