subject,start_a,start_t0,start_p,start_rd,start_sda,start_g2,start_bbic,a,t0,p,rd,sda,g2,bbic
18,0.086,0.477,0.341,0.029,1.601,44.44343410962671,1867.5482785540962,0.083,0.485,0.338,0.023,1.744,55.69694816461729,1884.4706906884185
