subject,start_a,start_t0,start_p,start_rd,start_sda,start_g2,start_bbic,a,t0,p,rd,sda,g2,bbic
182,0.062,0.337,0.466,0.011,1.361,73.30829537578519,1939.4925283573275,0.063,0.336,0.477,0.012,1.429,86.5801055658078,1932.7404539689476
