subject,start_a,start_t0,start_p,start_rd,start_sda,start_g2,start_bbic,a,t0,p,rd,sda,g2,bbic
488,0.098,0.322,0.552,0.015,1.256,90.65806630125186,1887.0776088222856,0.097,0.332,0.569,0.018,1.312,104.11769355819013,1885.7474792848768
