subject,start_a,start_t0,start_p,start_rd,start_sda,start_g2,start_bbic,a,t0,p,rd,sda,g2,bbic
392,0.195,0.29,0.671,0.014,1.205,34.9832510121659,1834.5410897526972,0.201,0.277,0.666,0.015,1.264,48.97864310910833,1831.994548533525
