subject,start_a,start_t0,start_p,start_rd,start_sda,start_g2,start_bbic,a,t0,p,rd,sda,g2,bbic
483,0.11,0.153,0.099,0.181,1.64,196.13844624760634,2202.7585975031566,0.111,0.14,0.089,0.134,1.74,227.38598137607855,2202.285883460064
