subject,start_a,start_t0,start_p,start_rd,start_sda,start_g2,start_bbic,a,t0,p,rd,sda,g2,bbic
150,0.087,0.34,0.226,0.149,1.218,252.21979535838534,2092.6982091654104,0.093,0.326,0.185,0.139,1.329,320.1540002473963,2158.7933892100705
