subject,start_a,start_t0,start_p,start_rd,start_sda,start_g2,start_bbic,a,t0,p,rd,sda,g2,bbic
507,0.057,0.368,0.455,0.016,1.775,41.988848766259125,1895.3918464640824,0.058,0.369,0.487,0.017,1.87,53.08533022935735,1899.126947770981
