subject,start_a,start_t0,start_p,start_rd,start_sda,start_g2,start_bbic,a,t0,p,rd,sda,g2,bbic
533,0.166,0.31,0.567,0.041,1.332,136.5324836705658,1978.6901990738675,0.173,0.305,0.572,0.075,1.374,162.41546440888348,1986.581361475243
