subject,start_a,start_t0,start_p,start_rd,start_sda,start_g2,start_bbic,a,t0,p,rd,sda,g2,bbic
532,0.416,0.396,0.937,0.022,1.392,13.338235169208998,1814.1354283349813,0.415,0.393,0.936,0.022,1.496,23.62594329344267,1804.2791451749529
