subject,start_a,start_t0,start_p,start_rd,start_sda,start_g2,start_bbic,a,t0,p,rd,sda,g2,bbic
52,0.098,0.359,0.592,0.056,1.813,103.57316691025966,1921.0475695900236,0.102,0.348,0.612,0.05,1.984,126.98299230768646,1911.2445904606184
