subject,start_a,start_t0,start_p,start_rd,start_sda,start_g2,start_bbic,a,t0,p,rd,sda,g2,bbic
562,0.057,0.347,0.601,0.014,1.28,52.73454047743771,1893.543321999972,0.06,0.339,0.619,0.014,1.385,61.506304781056706,1886.7619064179903
