subject,start_a,start_t0,start_p,start_rd,start_sda,start_g2,start_bbic,a,t0,p,rd,sda,g2,bbic
363,0.143,0.326,0.601,0.012,1.485,20.052907685604016,1813.7715140118898,0.141,0.328,0.6,0.012,1.549,26.47821779864742,1807.6407745394372
