subject,start_a,start_t0,start_p,start_rd,start_sda,start_g2,start_bbic,a,t0,p,rd,sda,g2,bbic
476,0.081,0.291,0.581,0.016,1.512,37.85449009697925,1878.0456159034554,0.082,0.296,0.612,0.017,1.624,50.603834982541585,1874.838378386648
