subject,start_a,start_t0,start_p,start_rd,start_sda,start_g2,start_bbic,a,t0,p,rd,sda,g2,bbic
468,0.14,0.301,0.608,0.034,1.789,131.58708443109668,1944.6286952949322,0.153,0.284,0.627,0.037,1.872,161.66605554792017,1946.3447850207042
