subject,start_a,start_t0,start_p,start_rd,start_sda,start_g2,start_bbic,a,t0,p,rd,sda,g2,bbic
462,0.172,0.259,0.604,0.025,1.375,32.5211814081159,1826.061589477581,0.182,0.253,0.638,0.018,1.375,39.95539390940345,1821.568416460475
