subject,start_a,start_t0,start_p,start_rd,start_sda,start_g2,start_bbic,a,t0,p,rd,sda,g2,bbic
203,0.081,0.417,0.67,0.022,1.551,38.93958359740767,1834.8517435747356,0.081,0.417,0.66,0.023,1.63,51.60105627531341,1833.2692427163083
